Emoji;Python;Elasticsearch;Java;C#_with_surrogate;C#_without_surrogate
👩‍👩‍👧‍👧;7;11;11;11;7
👩‍👩‍👧‍👦;7;11;11;11;7
👩‍👩‍👦‍👦;7;11;11;11;7
👨‍👩‍👧‍👧;7;11;11;11;7
👨‍👩‍👧‍👦;7;11;11;11;7
👨‍👩‍👦‍👦;7;11;11;11;7
👨‍👨‍👧‍👧;7;11;11;11;7
👨‍👨‍👧‍👦;7;11;11;11;7
👨‍👨‍👦‍👦;7;11;11;11;7
👩‍👩‍👧;5;8;8;8;5
👩‍👩‍👦;5;8;8;8;5
👩‍👧‍👧;5;8;8;8;5
👩‍👧‍👦;5;8;8;8;5
👩‍👦‍👦;5;8;8;8;5
👨‍👩‍👧;5;8;8;8;5
👨‍👨‍👧;5;8;8;8;5
👨‍👨‍👦;5;8;8;8;5
👨‍👧‍👧;5;8;8;8;5
👨‍👧‍👦;5;8;8;8;5
👨‍👦‍👦;5;8;8;8;5
👩‍👧;3;5;5;5;3
👩‍👦;3;5;5;5;3
👨‍👧;3;5;5;5;3
👨‍👦;3;5;5;5;3
😂;1;2;2;2;1
❤️;2;2;2;2;2
♥️;2;2;2;2;2
😍;1;2;2;2;1
😭;1;2;2;2;1
😊;1;2;2;2;1
😒;1;2;2;2;1
😘;1;2;2;2;1
💕;1;2;2;2;1
☺️;2;2;2;2;2
😩;1;2;2;2;1
👌🏿;2;4;4;4;2
👌🏾;2;4;4;4;2
👌🏽;2;4;4;4;2
👌🏼;2;4;4;4;2
👌🏻;2;4;4;4;2
👌;1;2;2;2;1
😔;1;2;2;2;1
😏;1;2;2;2;1
😁;1;2;2;2;1
♻;1;1;1;1;1
😉;1;2;2;2;1
👍🏿;2;4;4;4;2
👍🏾;2;4;4;4;2
👍🏽;2;4;4;4;2
👍🏼;2;4;4;4;2
👍🏻;2;4;4;4;2
👍;1;2;2;2;1
🙏🏿;2;4;4;4;2
🙏🏾;2;4;4;4;2
🙏🏽;2;4;4;4;2
🙏🏼;2;4;4;4;2
🙏🏻;2;4;4;4;2
🙏;1;2;2;2;1
😌;1;2;2;2;1
🎶;1;2;2;2;1
😳;1;2;2;2;1
🙌🏿;2;4;4;4;2
🙌🏾;2;4;4;4;2
🙌🏽;2;4;4;4;2
🙌🏼;2;4;4;4;2
🙌🏻;2;4;4;4;2
🙌;1;2;2;2;1
🙈;1;2;2;2;1
😢;1;2;2;2;1
😎;1;2;2;2;1
✌🏿;2;3;3;3;2
✌🏾;2;3;3;3;2
✌🏽;2;3;3;3;2
✌🏼;2;3;3;3;2
✌🏻;2;3;3;3;2
✌️;2;2;2;2;2
👀;1;2;2;2;1
😅;1;2;2;2;1
✨;1;1;1;1;1
😴;1;2;2;2;1
😄;1;2;2;2;1
💜;1;2;2;2;1
💔;1;2;2;2;1
💯;1;2;2;2;1
😑;1;2;2;2;1
💖;1;2;2;2;1
💙;1;2;2;2;1
😕;1;2;2;2;1
💁🏿‍♂;4;6;6;6;4
💁🏾‍♂;4;6;6;6;4
💁🏽‍♂;4;6;6;6;4
💁🏼‍♂;4;6;6;6;4
💁🏻‍♂;4;6;6;6;4
💁‍♂;3;4;4;4;3
💁🏿;2;4;4;4;2
💁🏾;2;4;4;4;2
💁🏽;2;4;4;4;2
💁🏼;2;4;4;4;2
💁🏻;2;4;4;4;2
💁;1;2;2;2;1
😜;1;2;2;2;1
😞;1;2;2;2;1
😋;1;2;2;2;1
😐;1;2;2;2;1
😪;1;2;2;2;1
👏🏿;2;4;4;4;2
👏🏾;2;4;4;4;2
👏🏽;2;4;4;4;2
👏🏼;2;4;4;4;2
👏🏻;2;4;4;4;2
👏;1;2;2;2;1
💘;1;2;2;2;1
💗;1;2;2;2;1
💞;1;2;2;2;1
⬅️;2;2;2;2;2
🙊;1;2;2;2;1
✋🏿;2;3;3;3;2
✋🏾;2;3;3;3;2
✋🏽;2;3;3;3;2
✋🏼;2;3;3;3;2
✋🏻;2;3;3;3;2
✋;1;1;1;1;1
💋;1;2;2;2;1
👉🏿;2;4;4;4;2
👉🏾;2;4;4;4;2
👉🏽;2;4;4;4;2
👉🏼;2;4;4;4;2
👉🏻;2;4;4;4;2
👉;1;2;2;2;1
🌸;1;2;2;2;1
😱;1;2;2;2;1
🔥;1;2;2;2;1
😡;1;2;2;2;1
😃;1;2;2;2;1
🎉;1;2;2;2;1
👊🏿;2;4;4;4;2
👊🏾;2;4;4;4;2
👊🏽;2;4;4;4;2
👊🏼;2;4;4;4;2
👊🏻;2;4;4;4;2
👊;1;2;2;2;1
😫;1;2;2;2;1
📷;1;2;2;2;1
🌹;1;2;2;2;1
😝;1;2;2;2;1
💪🏿;2;4;4;4;2
💪🏾;2;4;4;4;2
💪🏽;2;4;4;4;2
💪🏼;2;4;4;4;2
💪🏻;2;4;4;4;2
💪;1;2;2;2;1
💀;1;2;2;2;1
☀️;2;2;2;2;2
💛;1;2;2;2;1
😤;1;2;2;2;1
🌚;1;2;2;2;1
😆;1;2;2;2;1
😓;1;2;2;2;1
👈🏿;2;4;4;4;2
👈🏾;2;4;4;4;2
👈🏽;2;4;4;4;2
👈🏼;2;4;4;4;2
👈🏻;2;4;4;4;2
👈;1;2;2;2;1
✔️;2;2;2;2;2
😻;1;2;2;2;1
😀;1;2;2;2;1
😷;1;2;2;2;1
💚;1;2;2;2;1
👋🏿;2;4;4;4;2
👋🏾;2;4;4;4;2
👋🏽;2;4;4;4;2
👋🏼;2;4;4;4;2
👋🏻;2;4;4;4;2
👋;1;2;2;2;1
😣;1;2;2;2;1
💓;1;2;2;2;1
▶️;2;2;2;2;2
◀️;2;2;2;2;2
↪️;2;2;2;2;2
↩️;2;2;2;2;2
👑;1;2;2;2;1
😚;1;2;2;2;1
😛;1;2;2;2;1
😥;1;2;2;2;1
😇;1;2;2;2;1
🎧;1;2;2;2;1
✅;1;1;1;1;1
😖;1;2;2;2;1
➡;1;1;1;1;1
😠;1;2;2;2;1
😬;1;2;2;2;1
🌟;1;2;2;2;1
🔫;1;2;2;2;1
🙋🏿‍♂;4;6;6;6;4
🙋🏾‍♂;4;6;6;6;4
🙋🏽‍♂;4;6;6;6;4
🙋🏼‍♂;4;6;6;6;4
🙋🏻‍♂;4;6;6;6;4
🙋‍♂;3;4;4;4;3
🙋🏿;2;4;4;4;2
🙋🏾;2;4;4;4;2
🙋🏽;2;4;4;4;2
🙋🏼;2;4;4;4;2
🙋🏻;2;4;4;4;2
🙋;1;2;2;2;1
👎🏿;2;4;4;4;2
👎🏾;2;4;4;4;2
👎🏽;2;4;4;4;2
👎🏼;2;4;4;4;2
👎🏻;2;4;4;4;2
👎;1;2;2;2;1
💃🏿;2;4;4;4;2
💃🏾;2;4;4;4;2
💃🏽;2;4;4;4;2
💃🏼;2;4;4;4;2
💃🏻;2;4;4;4;2
💃;1;2;2;2;1
🎵;1;2;2;2;1
😶;1;2;2;2;1
💫;1;2;2;2;1
✊🏿;2;3;3;3;2
✊🏾;2;3;3;3;2
✊🏽;2;3;3;3;2
✊🏼;2;3;3;3;2
✊🏻;2;3;3;3;2
✊;1;1;1;1;1
👇🏿;2;4;4;4;2
👇🏾;2;4;4;4;2
👇🏽;2;4;4;4;2
👇🏼;2;4;4;4;2
👇🏻;2;4;4;4;2
👇;1;2;2;2;1
🔴;1;2;2;2;1
🙅🏿‍♂;4;6;6;6;4
🙅🏾‍♂;4;6;6;6;4
🙅🏽‍♂;4;6;6;6;4
🙅🏼‍♂;4;6;6;6;4
🙅🏻‍♂;4;6;6;6;4
🙅‍♂;3;4;4;4;3
🙅🏿;2;4;4;4;2
🙅🏾;2;4;4;4;2
🙅🏽;2;4;4;4;2
🙅🏼;2;4;4;4;2
🙅🏻;2;4;4;4;2
🙅;1;2;2;2;1
💥;1;2;2;2;1
©️;2;2;2;2;2
💭;1;2;2;2;1
👅;1;2;2;2;1
💩;1;2;2;2;1
😰;1;2;2;2;1
💎;1;2;2;2;1
🙆🏿‍♂;4;6;6;6;4
🙆🏾‍♂;4;6;6;6;4
🙆🏽‍♂;4;6;6;6;4
🙆🏼‍♂;4;6;6;6;4
🙆🏻‍♂;4;6;6;6;4
🙆‍♂;3;4;4;4;3
🙆🏿;2;4;4;4;2
🙆🏾;2;4;4;4;2
🙆🏽;2;4;4;4;2
🙆🏼;2;4;4;4;2
🙆🏻;2;4;4;4;2
🙆;1;2;2;2;1
🍕;1;2;2;2;1
😹;1;2;2;2;1
🌞;1;2;2;2;1
🍃;1;2;2;2;1
💦;1;2;2;2;1
🐧;1;2;2;2;1
💤;1;2;2;2;1
🚶🏿‍♀;4;6;6;6;4
🚶🏾‍♀;4;6;6;6;4
🚶🏽‍♀;4;6;6;6;4
🚶🏼‍♀;4;6;6;6;4
🚶🏻‍♀;4;6;6;6;4
🚶‍♀;3;4;4;4;3
🚶🏿;2;4;4;4;2
🚶🏾;2;4;4;4;2
🚶🏽;2;4;4;4;2
🚶🏼;2;4;4;4;2
🚶🏻;2;4;4;4;2
🚶;1;2;2;2;1
✈️;2;2;2;2;2
🎈;1;2;2;2;1
⭐;1;1;1;1;1
🎀;1;2;2;2;1
☑️;2;2;2;2;2
😟;1;2;2;2;1
🔞;1;2;2;2;1
😨;1;2;2;2;1
🍀;1;2;2;2;1
🌺;1;2;2;2;1
🎤;1;2;2;2;1
👐🏿;2;4;4;4;2
👐🏾;2;4;4;4;2
👐🏽;2;4;4;4;2
👐🏼;2;4;4;4;2
👐🏻;2;4;4;4;2
👐;1;2;2;2;1
👻;1;2;2;2;1
🌴;1;2;2;2;1
‼️;2;2;2;2;2
💅🏿;2;4;4;4;2
💅🏾;2;4;4;4;2
💅🏽;2;4;4;4;2
💅🏼;2;4;4;4;2
💅🏻;2;4;4;4;2
💅;1;2;2;2;1
❌;1;1;1;1;1
👽;1;2;2;2;1
🙇🏿‍♀;4;6;6;6;4
🙇🏾‍♀;4;6;6;6;4
🙇🏽‍♀;4;6;6;6;4
🙇🏼‍♀;4;6;6;6;4
🙇🏻‍♀;4;6;6;6;4
🙇‍♀;3;4;4;4;3
🙇🏿;2;4;4;4;2
🙇🏾;2;4;4;4;2
🙇🏽;2;4;4;4;2
🙇🏼;2;4;4;4;2
🙇🏻;2;4;4;4;2
🙇;1;2;2;2;1
☁;1;1;1;1;1
⚽;1;1;1;1;1
👼🏿;2;4;4;4;2
👼🏾;2;4;4;4;2
👼🏽;2;4;4;4;2
👼🏼;2;4;4;4;2
👼🏻;2;4;4;4;2
👼;1;2;2;2;1
👯‍♂;3;4;4;4;3
👯;1;2;2;2;1
❗;1;1;1;1;1
❄️;2;2;2;2;2
☝🏿;2;3;3;3;2
☝🏾;2;3;3;3;2
☝🏽;2;3;3;3;2
☝🏼;2;3;3;3;2
☝🏻;2;3;3;3;2
☝️;2;2;2;2;2
😙;1;2;2;2;1
🌈;1;2;2;2;1
🌙;1;2;2;2;1
💟;1;2;2;2;1
💝;1;2;2;2;1
🎁;1;2;2;2;1
🍻;1;2;2;2;1
😧;1;2;2;2;1
🌍;1;2;2;2;1
🎥;1;2;2;2;1
⚓;1;1;1;1;1
⚡;1;1;1;1;1
♣️;2;2;2;2;2
✖️;2;2;2;2;2
🏃🏿‍♀;4;6;6;6;4
🏃🏾‍♀;4;6;6;6;4
🏃🏽‍♀;4;6;6;6;4
🏃🏼‍♀;4;6;6;6;4
🏃🏻‍♀;4;6;6;6;4
🏃‍♀;3;4;4;4;3
🏃🏿;2;4;4;4;2
🏃🏾;2;4;4;4;2
🏃🏽;2;4;4;4;2
🏃🏼;2;4;4;4;2
🏃🏻;2;4;4;4;2
🏃;1;2;2;2;1
🌻;1;2;2;2;1
🌎;1;2;2;2;1
💐;1;2;2;2;1
🐶;1;2;2;2;1
💰;1;2;2;2;1
🌿;1;2;2;2;1
👫;1;2;2;2;1
🍂;1;2;2;2;1
🌷;1;2;2;2;1
🎂;1;2;2;2;1
🐱;1;2;2;2;1
☕;1;1;1;1;1
😵;1;2;2;2;1
👆🏿;2;4;4;4;2
👆🏾;2;4;4;4;2
👆🏽;2;4;4;4;2
👆🏼;2;4;4;4;2
👆🏻;2;4;4;4;2
👆;1;2;2;2;1
😮;1;2;2;2;1
😯;1;2;2;2;1
🏀;1;2;2;2;1
🎄;1;2;2;2;1
💍;1;2;2;2;1
🌝;1;2;2;2;1
😲;1;2;2;2;1
👭;1;2;2;2;1
💸;1;2;2;2;1
😿;1;2;2;2;1
🙉;1;2;2;2;1
💨;1;2;2;2;1
🌵;1;2;2;2;1
♨️;2;2;2;2;2
☎️;2;2;2;2;2
🍁;1;2;2;2;1
👸🏿;2;4;4;4;2
👸🏾;2;4;4;4;2
👸🏽;2;4;4;4;2
👸🏼;2;4;4;4;2
👸🏻;2;4;4;4;2
👸;1;2;2;2;1
💆🏿‍♂;4;6;6;6;4
💆🏾‍♂;4;6;6;6;4
💆🏽‍♂;4;6;6;6;4
💆🏼‍♂;4;6;6;6;4
💆🏻‍♂;4;6;6;6;4
💆‍♂;3;4;4;4;3
💆🏿;2;4;4;4;2
💆🏾;2;4;4;4;2
💆🏽;2;4;4;4;2
💆🏼;2;4;4;4;2
💆🏻;2;4;4;4;2
💆;1;2;2;2;1
💌;1;2;2;2;1
🏆;1;2;2;2;1
🙍🏿‍♂;4;6;6;6;4
🙍🏾‍♂;4;6;6;6;4
🙍🏽‍♂;4;6;6;6;4
🙍🏼‍♂;4;6;6;6;4
🙍🏻‍♂;4;6;6;6;4
🙍‍♂;3;4;4;4;3
🙍🏿;2;4;4;4;2
🙍🏾;2;4;4;4;2
🙍🏽;2;4;4;4;2
🙍🏼;2;4;4;4;2
🙍🏻;2;4;4;4;2
🙍;1;2;2;2;1
🇺🇸;2;4;4;4;2
🎊;1;2;2;2;1
🌼;1;2;2;2;1
🔪;1;2;2;2;1
👄;1;2;2;2;1
🍟;1;2;2;2;1
🍩;1;2;2;2;1
😦;1;2;2;2;1
🌊;1;2;2;2;1
💣;1;2;2;2;1
🆗;1;2;2;2;1
🌀;1;2;2;2;1
🚀;1;2;2;2;1
☔;1;1;1;1;1
💏;1;2;2;2;1
👩‍❤️‍💋‍👩;8;11;11;11;8
👨‍❤️‍💋‍👨;8;11;11;11;8
💑;1;2;2;2;1
👩‍❤️‍👩;6;8;8;8;6
👨‍❤️‍👨;6;8;8;8;6
🍭;1;2;2;2;1
🎬;1;2;2;2;1
🐷;1;2;2;2;1
😈;1;2;2;2;1
👿;1;2;2;2;1
🐝;1;2;2;2;1
😽;1;2;2;2;1
💢;1;2;2;2;1
🎼;1;2;2;2;1
🎅🏿;2;4;4;4;2
🎅🏾;2;4;4;4;2
🎅🏽;2;4;4;4;2
🎅🏼;2;4;4;4;2
🎅🏻;2;4;4;4;2
🎅;1;2;2;2;1
🌏;1;2;2;2;1
🏈;1;2;2;2;1
🎸;1;2;2;2;1
♦️;2;2;2;2;2
🐼;1;2;2;2;1
💬;1;2;2;2;1
🍓;1;2;2;2;1
😼;1;2;2;2;1
🍌;1;2;2;2;1
🍉;1;2;2;2;1
⛄;1;1;1;1;1
😸;1;2;2;2;1
♠️;2;2;2;2;2
🔝;1;2;2;2;1
🍆;1;2;2;2;1
🔮;1;2;2;2;1
🍴;1;2;2;2;1
📲;1;2;2;2;1
📱;1;2;2;2;1
⛅;1;1;1;1;1
⚠️;2;2;2;2;2
🙀;1;2;2;2;1
🔸;1;2;2;2;1
👶🏿;2;4;4;4;2
👶🏾;2;4;4;4;2
👶🏽;2;4;4;4;2
👶🏼;2;4;4;4;2
👶🏻;2;4;4;4;2
👶;1;2;2;2;1
🐾;1;2;2;2;1
👣;1;2;2;2;1
🍺;1;2;2;2;1
🍷;1;2;2;2;1
⭕;1;1;1;1;1
📹;1;2;2;2;1
🐰;1;2;2;2;1
🍹;1;2;2;2;1
🚬;1;2;2;2;1
👾;1;2;2;2;1
🍑;1;2;2;2;1
🐍;1;2;2;2;1
🐢;1;2;2;2;1
🍒;1;2;2;2;1
😗;1;2;2;2;1
🐸;1;2;2;2;1
🌌;1;2;2;2;1
🚨;1;2;2;2;1
🐣;1;2;2;2;1
📕;1;2;2;2;1
🍬;1;2;2;2;1
🍔;1;2;2;2;1
🐻;1;2;2;2;1
🐯;1;2;2;2;1
🚗;1;2;2;2;1
⏩;1;1;1;1;1
🍦;1;2;2;2;1
🍍;1;2;2;2;1
🌾;1;2;2;2;1
💉;1;2;2;2;1
🚮;1;2;2;2;1
🍫;1;2;2;2;1
▪️;2;2;2;2;2
📺;1;2;2;2;1
💊;1;2;2;2;1
🐙;1;2;2;2;1
🎃;1;2;2;2;1
🍇;1;2;2;2;1
😺;1;2;2;2;1
💿;1;2;2;2;1
🍸;1;2;2;2;1
🍰;1;2;2;2;1
🎮;1;2;2;2;1
™️;2;2;2;2;2
⬇️;2;2;2;2;2
🚫;1;2;2;2;1
💄;1;2;2;2;1
🐳;1;2;2;2;1
📝;1;2;2;2;1
®️;2;2;2;2;2
🍪;1;2;2;2;1
🐬;1;2;2;2;1
🔊;1;2;2;2;1
👨🏿;2;4;4;4;2
👨🏾;2;4;4;4;2
👨🏽;2;4;4;4;2
👨🏼;2;4;4;4;2
👨🏻;2;4;4;4;2
👨;1;2;2;2;1
🐥;1;2;2;2;1
🐒;1;2;2;2;1
📚;1;2;2;2;1
👹;1;2;2;2;1
💂🏿‍♀;4;6;6;6;4
💂🏾‍♀;4;6;6;6;4
💂🏽‍♀;4;6;6;6;4
💂🏼‍♀;4;6;6;6;4
💂🏻‍♀;4;6;6;6;4
💂‍♀;3;4;4;4;3
💂🏿;2;4;4;4;2
💂🏾;2;4;4;4;2
💂🏽;2;4;4;4;2
💂🏼;2;4;4;4;2
💂🏻;2;4;4;4;2
💂;1;2;2;2;1
📢;1;2;2;2;1
✂️;2;2;2;2;2
👧🏿;2;4;4;4;2
👧🏾;2;4;4;4;2
👧🏽;2;4;4;4;2
👧🏼;2;4;4;4;2
👧🏻;2;4;4;4;2
👧;1;2;2;2;1
🎓;1;2;2;2;1
🇫🇷;2;4;4;4;2
⚾️;2;2;2;2;2
🚦;1;2;2;2;1
👩🏿;2;4;4;4;2
👩🏾;2;4;4;4;2
👩🏽;2;4;4;4;2
👩🏼;2;4;4;4;2
👩🏻;2;4;4;4;2
👩;1;2;2;2;1
🎆;1;2;2;2;1
🌠;1;2;2;2;1
🆘;1;2;2;2;1
🍄;1;2;2;2;1
😾;1;2;2;2;1
🛅;1;2;2;2;1
👠;1;2;2;2;1
🎯;1;2;2;2;1
🏊🏿‍♀;4;6;6;6;4
🏊🏾‍♀;4;6;6;6;4
🏊🏽‍♀;4;6;6;6;4
🏊🏼‍♀;4;6;6;6;4
🏊🏻‍♀;4;6;6;6;4
🏊‍♀;3;4;4;4;3
🏊🏿;2;4;4;4;2
🏊🏾;2;4;4;4;2
🏊🏽;2;4;4;4;2
🏊🏼;2;4;4;4;2
🏊🏻;2;4;4;4;2
🏊;1;2;2;2;1
🔑;1;2;2;2;1
👙;1;2;2;2;1
👪;1;2;2;2;1
✏;1;1;1;1;1
🐘;1;2;2;2;1
💧;1;2;2;2;1
🌱;1;2;2;2;1
🍎;1;2;2;2;1
🆒;1;2;2;2;1
📞;1;2;2;2;1
💵;1;2;2;2;1
🏡;1;2;2;2;1
📖;1;2;2;2;1
💇🏿‍♂;4;6;6;6;4
💇🏾‍♂;4;6;6;6;4
💇🏽‍♂;4;6;6;6;4
💇🏼‍♂;4;6;6;6;4
💇🏻‍♂;4;6;6;6;4
💇‍♂;3;4;4;4;3
💇🏿;2;4;4;4;2
💇🏾;2;4;4;4;2
💇🏽;2;4;4;4;2
💇🏼;2;4;4;4;2
💇🏻;2;4;4;4;2
💇;1;2;2;2;1
💻;1;2;2;2;1
💡;1;2;2;2;1
❓;1;1;1;1;1
🔙;1;2;2;2;1
👦🏿;2;4;4;4;2
👦🏾;2;4;4;4;2
👦🏽;2;4;4;4;2
👦🏼;2;4;4;4;2
👦🏻;2;4;4;4;2
👦;1;2;2;2;1
🔐;1;2;2;2;1
🙎🏿‍♂;4;6;6;6;4
🙎🏾‍♂;4;6;6;6;4
🙎🏽‍♂;4;6;6;6;4
🙎🏼‍♂;4;6;6;6;4
🙎🏻‍♂;4;6;6;6;4
🙎‍♂;3;4;4;4;3
🙎🏿;2;4;4;4;2
🙎🏾;2;4;4;4;2
🙎🏽;2;4;4;4;2
🙎🏼;2;4;4;4;2
🙎🏻;2;4;4;4;2
🙎;1;2;2;2;1
🍊;1;2;2;2;1
↔️;2;2;2;2;2
🌅;1;2;2;2;1
🍗;1;2;2;2;1
🔵;1;2;2;2;1
🚘;1;2;2;2;1
🍧;1;2;2;2;1
🇮🇹;2;4;4;4;2
🐦;1;2;2;2;1
🇬🇧;2;4;4;4;2
🌛;1;2;2;2;1
👓;1;2;2;2;1
🐐;1;2;2;2;1
🌃;1;2;2;2;1
👵🏿;2;4;4;4;2
👵🏾;2;4;4;4;2
👵🏽;2;4;4;4;2
👵🏼;2;4;4;4;2
👵🏻;2;4;4;4;2
👵;1;2;2;2;1
⚫;1;1;1;1;1
🌑;1;2;2;2;1
👬;1;2;2;2;1
⚪;1;1;1;1;1
🛃;1;2;2;2;1
🐠;1;2;2;2;1
🏠;1;2;2;2;1
🔃;1;2;2;2;1
🌜;1;2;2;2;1
📍;1;2;2;2;1
🌕;1;2;2;2;1
👟;1;2;2;2;1
🍋;1;2;2;2;1
🍼;1;2;2;2;1
🎨;1;2;2;2;1
✉️;2;2;2;2;2
🍝;1;2;2;2;1
🎐;1;2;2;2;1
🍥;1;2;2;2;1
🌲;1;2;2;2;1
🆙;1;2;2;2;1
⬆️;2;2;2;2;2
↗️;2;2;2;2;2
↘️;2;2;2;2;2
↙️;2;2;2;2;2
🎭;1;2;2;2;1
👃🏿;2;4;4;4;2
👃🏾;2;4;4;4;2
👃🏽;2;4;4;4;2
👃🏼;2;4;4;4;2
👃🏻;2;4;4;4;2
👃;1;2;2;2;1
🐽;1;2;2;2;1
🐟;1;2;2;2;1
👳🏿‍♀;4;6;6;6;4
👳🏾‍♀;4;6;6;6;4
👳🏽‍♀;4;6;6;6;4
👳🏼‍♀;4;6;6;6;4
👳🏻‍♀;4;6;6;6;4
👳‍♀;3;4;4;4;3
👳🏿;2;4;4;4;2
👳🏾;2;4;4;4;2
👳🏽;2;4;4;4;2
👳🏼;2;4;4;4;2
👳🏻;2;4;4;4;2
👳;1;2;2;2;1
🐨;1;2;2;2;1
👂🏿;2;4;4;4;2
👂🏾;2;4;4;4;2
👂🏽;2;4;4;4;2
👂🏼;2;4;4;4;2
👂🏻;2;4;4;4;2
👂;1;2;2;2;1
✳️;2;2;2;2;2
🔹;1;2;2;2;1
🚿;1;2;2;2;1
🐛;1;2;2;2;1
🍜;1;2;2;2;1
🎩;1;2;2;2;1
👰🏿;2;4;4;4;2
👰🏾;2;4;4;4;2
👰🏽;2;4;4;4;2
👰🏼;2;4;4;4;2
👰🏻;2;4;4;4;2
👰;1;2;2;2;1
⛽;1;1;1;1;1
🏁;1;2;2;2;1
🐴;1;2;2;2;1
⌚;1;1;1;1;1
🐵;1;2;2;2;1
🚼;1;2;2;2;1
🆕;1;2;2;2;1
🆓;1;2;2;2;1
🎇;1;2;2;2;1
🌽;1;2;2;2;1
🎾;1;2;2;2;1
⏰;1;1;1;1;1
🔋;1;2;2;2;1
❕;1;1;1;1;1
🐺;1;2;2;2;1
🗿;1;2;2;2;1
🐮;1;2;2;2;1
📣;1;2;2;2;1
👴🏿;2;4;4;4;2
👴🏾;2;4;4;4;2
👴🏽;2;4;4;4;2
👴🏼;2;4;4;4;2
👴🏻;2;4;4;4;2
👴;1;2;2;2;1
👗;1;2;2;2;1
🔗;1;2;2;2;1
🐔;1;2;2;2;1
🍳;1;2;2;2;1
🐋;1;2;2;2;1
↖;1;1;1;1;1
🌳;1;2;2;2;1
🍱;1;2;2;2;1
📌;1;2;2;2;1
🔜;1;2;2;2;1
🔁;1;2;2;2;1
🐉;1;2;2;2;1
🐹;1;2;2;2;1
⛳;1;1;1;1;1
🏄🏿‍♀;4;6;6;6;4
🏄🏾‍♀;4;6;6;6;4
🏄🏽‍♀;4;6;6;6;4
🏄🏼‍♀;4;6;6;6;4
🏄🏻‍♀;4;6;6;6;4
🏄‍♀;3;4;4;4;3
🏄🏿;2;4;4;4;2
🏄🏾;2;4;4;4;2
🏄🏽;2;4;4;4;2
🏄🏼;2;4;4;4;2
🏄🏻;2;4;4;4;2
🏄;1;2;2;2;1
🐭;1;2;2;2;1
🌒;1;2;2;2;1
🚙;1;2;2;2;1
🅰️;2;0;3;3;2
⁉️;2;2;2;2;2
🈹;1;2;2;2;1
🔌;1;2;2;2;1
🌓;1;2;2;2;1
♋;1;1;1;1;1
🔱;1;2;2;2;1
🍞;1;2;2;2;1
👮🏿‍♀;4;6;6;6;4
👮🏾‍♀;4;6;6;6;4
👮🏽‍♀;4;6;6;6;4
👮🏼‍♀;4;6;6;6;4
👮🏻‍♀;4;6;6;6;4
👮‍♀;3;4;4;4;3
👮🏿;2;4;4;4;2
👮🏾;2;4;4;4;2
👮🏽;2;4;4;4;2
👮🏼;2;4;4;4;2
👮🏻;2;4;4;4;2
👮;1;2;2;2;1
🍵;1;2;2;2;1
🎣;1;2;2;2;1
🌔;1;2;2;2;1
🚲;1;2;2;2;1
👤;1;2;2;2;1
🍚;1;2;2;2;1
📻;1;2;2;2;1
🐤;1;2;2;2;1
⤵️;2;2;2;2;2
🌘;1;2;2;2;1
↕;1;1;1;1;1
🇪;1;2;2;2;1
🌗;1;2;2;2;1
🔘;1;2;2;2;1
🐑;1;2;2;2;1
👱🏿‍♀;4;6;6;6;4
👱🏾‍♀;4;6;6;6;4
👱🏽‍♀;4;6;6;6;4
👱🏼‍♀;4;6;6;6;4
👱🏻‍♀;4;6;6;6;4
👱‍♀;3;4;4;4;3
👱🏿;2;4;4;4;2
👱🏾;2;4;4;4;2
👱🏽;2;4;4;4;2
👱🏼;2;4;4;4;2
👱🏻;2;4;4;4;2
👱;1;2;2;2;1
🌖;1;2;2;2;1
🔒;1;2;2;2;1
🍏;1;2;2;2;1
👺;1;2;2;2;1
➰;1;1;1;1;1
🚩;1;2;2;2;1
🔄;1;2;2;2;1
🐎;1;2;2;2;1
🍤;1;2;2;2;1
🌄;1;2;2;2;1
🌋;1;2;2;2;1
🐓;1;2;2;2;1
📥;1;2;2;2;1
💒;1;2;2;2;1
🍣;1;2;2;2;1
〰;1;1;1;1;1
🍨;1;2;2;2;1
⏪;1;1;1;1;1
🍅;1;2;2;2;1
🐇;1;2;2;2;1
✴️;2;2;2;2;2
🔺;1;2;2;2;1
🔆;1;2;2;2;1
➕;1;1;1;1;1
👲🏿;2;4;4;4;2
👲🏾;2;4;4;4;2
👲🏽;2;4;4;4;2
👲🏼;2;4;4;4;2
👲🏻;2;4;4;4;2
👲;1;2;2;2;1
🏪;1;2;2;2;1
👥;1;2;2;2;1
🐞;1;2;2;2;1
🔻;1;2;2;2;1
🇩🇪;2;4;4;4;2
⤴️;2;2;2;2;2
📛;1;2;2;2;1
🛀🏿;2;4;4;4;2
🛀🏾;2;4;4;4;2
🛀🏽;2;4;4;4;2
🛀🏼;2;4;4;4;2
🛀🏻;2;4;4;4;2
🛀;1;2;2;2;1
⛔;1;1;1;1;1
🐊;1;2;2;2;1
🌰;1;2;2;2;1
🐕;1;2;2;2;1
🐈;1;2;2;2;1
🔨;1;2;2;2;1
🍖;1;2;2;2;1
🐚;1;2;2;2;1
❇️;2;2;2;2;2
⛵;1;1;1;1;1
🅱️;2;0;3;3;2
Ⓜ️;2;0;2;2;2
🐩;1;2;2;2;1
♒;1;1;1;1;1
🍲;1;2;2;2;1
👖;1;2;2;2;1
🍯;1;2;2;2;1
🎹;1;2;2;2;1
🔓;1;2;2;2;1
✒;1;1;1;1;1
🗽;1;2;2;2;1
💲;1;2;2;2;1
🏂;1;2;2;2;1
💮;1;2;2;2;1
👔;1;2;2;2;1
💠;1;2;2;2;1
♈;1;1;1;1;1
🚺;1;2;2;2;1
🐜;1;2;2;2;1
♏;1;1;1;1;1
🌇;1;2;2;2;1
⏳;1;1;1;1;1
🅾️;2;0;3;3;2
🐲;1;2;2;2;1
🐌;1;2;2;2;1
📀;1;2;2;2;1
👕;1;2;2;2;1
🎲;1;2;2;2;1
➖;1;1;1;1;1
🎎;1;2;2;2;1
♐;1;1;1;1;1
🎱;1;2;2;2;1
🚌;1;2;2;2;1
🍮;1;2;2;2;1
🎌;1;2;2;2;1
〽️;2;2;2;2;2
🐫;1;2;2;2;1
🍛;1;2;2;2;1
🚂;1;2;2;2;1
🏥;1;2;2;2;1
🇯🇵;2;4;4;4;2
🔷;1;2;2;2;1
🎋;1;2;2;2;1
🔔;1;2;2;2;1
♌;1;1;1;1;1
♊;1;1;1;1;1
🍐;1;2;2;2;1
🔶;1;2;2;2;1
♉;1;1;1;1;1
🌐;1;2;2;2;1
🚪;1;2;2;2;1
🕕;1;2;2;2;1
🚔;1;2;2;2;1
📩;1;2;2;2;1
🌂;1;2;2;2;1
🎷;1;2;2;2;1
⛪;1;1;1;1;1
🚴🏿‍♀;4;6;6;6;4
🚴🏾‍♀;4;6;6;6;4
🚴🏽‍♀;4;6;6;6;4
🚴🏼‍♀;4;6;6;6;4
🚴🏻‍♀;4;6;6;6;4
🚴‍♀;3;4;4;4;3
🚴🏿;2;4;4;4;2
🚴🏾;2;4;4;4;2
🚴🏽;2;4;4;4;2
🚴🏼;2;4;4;4;2
🚴🏻;2;4;4;4;2
🚴;1;2;2;2;1
♓;1;1;1;1;1
🍡;1;2;2;2;1
♑;1;1;1;1;1
🏢;1;2;2;2;1
🚣🏿‍♀;4;6;6;6;4
🚣🏾‍♀;4;6;6;6;4
🚣🏽‍♀;4;6;6;6;4
🚣🏼‍♀;4;6;6;6;4
🚣🏻‍♀;4;6;6;6;4
🚣‍♀;3;4;4;4;3
🚣🏿;2;4;4;4;2
🚣🏾;2;4;4;4;2
🚣🏽;2;4;4;4;2
🚣🏼;2;4;4;4;2
🚣🏻;2;4;4;4;2
🚣;1;2;2;2;1
👒;1;2;2;2;1
👞;1;2;2;2;1
🏩;1;2;2;2;1
🗻;1;2;2;2;1
🐪;1;2;2;2;1
👜;1;2;2;2;1
⌛;1;1;1;1;1
❎;1;1;1;1;1
🎺;1;2;2;2;1
🏫;1;2;2;2;1
🐄;1;2;2;2;1
🌆;1;2;2;2;1
👷🏿‍♀;4;6;6;6;4
👷🏾‍♀;4;6;6;6;4
👷🏽‍♀;4;6;6;6;4
👷🏼‍♀;4;6;6;6;4
👷🏻‍♀;4;6;6;6;4
👷‍♀;3;4;4;4;3
👷🏿;2;4;4;4;2
👷🏾;2;4;4;4;2
👷🏽;2;4;4;4;2
👷🏼;2;4;4;4;2
👷🏻;2;4;4;4;2
👷;1;2;2;2;1
🚽;1;2;2;2;1
🐖;1;2;2;2;1
❔;1;1;1;1;1
🔰;1;2;2;2;1
🎻;1;2;2;2;1
🔛;1;2;2;2;1
💳;1;2;2;2;1
🆔;1;2;2;2;1
㊙;1;1;1;1;1
🎡;1;2;2;2;1
🎳;1;2;2;2;1
♎;1;1;1;1;1
♍;1;1;1;1;1
💈;1;2;2;2;1
👛;1;2;2;2;1
🎢;1;2;2;2;1
🐀;1;2;2;2;1
📅;1;2;2;2;1
🏉;1;2;2;2;1
🐏;1;2;2;2;1
🔼;1;2;2;2;1
🔲;1;2;2;2;1
📴;1;2;2;2;1
🗼;1;2;2;2;1
㊗;1;1;1;1;1
👘;1;2;2;2;1
🇷🇺;2;4;4;4;2
🚢;1;2;2;2;1
🔎;1;2;2;2;1
🔍;1;2;2;2;1
🚒;1;2;2;2;1
🕦;1;2;2;2;1
🚓;1;2;2;2;1
🃏;1;2;2;2;1
🌉;1;2;2;2;1
📦;1;2;2;2;1
🚖;1;2;2;2;1
📆;1;2;2;2;1
🏇;1;2;2;2;1
🐅;1;2;2;2;1
👢;1;2;2;2;1
🚑;1;2;2;2;1
🔳;1;2;2;2;1
🐗;1;2;2;2;1
🎒;1;2;2;2;1
➿;1;1;1;1;1
💷;1;2;2;2;1
ℹ;1;0;1;1;1
🐂;1;2;2;2;1
🍙;1;2;2;2;1
🆚;1;2;2;2;1
🔚;1;2;2;2;1
🅿️;2;0;3;3;2
👡;1;2;2;2;1
⛺;1;1;1;1;1
💺;1;2;2;2;1
🚕;1;2;2;2;1
◾;1;1;1;1;1
💼;1;2;2;2;1
📰;1;2;2;2;1
🎪;1;2;2;2;1
🔯;1;2;2;2;1
🚹;1;2;2;2;1
🏰;1;2;2;2;1
🔦;1;2;2;2;1
🌁;1;2;2;2;1
⏫;1;1;1;1;1
🎍;1;2;2;2;1
🎫;1;2;2;2;1
🚁;1;2;2;2;1
💽;1;2;2;2;1
🚍;1;2;2;2;1
🍈;1;2;2;2;1
▫;1;1;1;1;1
🏤;1;2;2;2;1
🔟;1;2;2;2;1
📓;1;2;2;2;1
🔕;1;2;2;2;1
🍢;1;2;2;2;1
🎏;1;2;2;2;1
🎠;1;2;2;2;1
🐡;1;2;2;2;1
📈;1;2;2;2;1
🍠;1;2;2;2;1
🎿;1;2;2;2;1
🕛;1;2;2;2;1
📶;1;2;2;2;1
🚧;1;2;2;2;1
#;1;1;1;1;1
◼;1;1;1;1;1
📡;1;2;2;2;1
💶;1;2;2;2;1
👚;1;2;2;2;1
📒;1;2;2;2;1
🐆;1;2;2;2;1
🔅;1;2;2;2;1
🕒;1;2;2;2;1
🏬;1;2;2;2;1
🚚;1;2;2;2;1
🍶;1;2;2;2;1
🚃;1;2;2;2;1
🚤;1;2;2;2;1
🇰🇷;2;4;4;4;2
📼;1;2;2;2;1
🕐;1;2;2;2;1
⏬;1;1;1;1;1
🐃;1;2;2;2;1
🔽;1;2;2;2;1
💴;1;2;2;2;1
🔇;1;2;2;2;1
🎽;1;2;2;2;1
⬜;1;1;1;1;1
♿;1;1;1;1;1
🕑;1;2;2;2;1
📎;1;2;2;2;1
🏧;1;2;2;2;1
🎦;1;2;2;2;1
🔭;1;2;2;2;1
🎑;1;2;2;2;1
📘;1;2;2;2;1
◻️;2;2;2;2;2
📮;1;2;2;2;1
📧;1;2;2;2;1
🐁;1;2;2;2;1
🚄;1;2;2;2;1
🉐;1;2;2;2;1
🔩;1;2;2;2;1
🆖;1;2;2;2;1
🏨;1;2;2;2;1
🚾;1;2;2;2;1
🏮;1;2;2;2;1
🔂;1;2;2;2;1
📬;1;2;2;2;1
📉;1;2;2;2;1
📗;1;2;2;2;1
🚜;1;2;2;2;1
⛲;1;1;1;1;1
🚇;1;2;2;2;1
📋;1;2;2;2;1
📵;1;2;2;2;1
🕓;1;2;2;2;1
🚭;1;2;2;2;1
⬛;1;1;1;1;1
🎰;1;2;2;2;1
🕔;1;2;2;2;1
🛁;1;2;2;2;1
📜;1;2;2;2;1
🚉;1;2;2;2;1
🍘;1;2;2;2;1
🏦;1;2;2;2;1
🔧;1;2;2;2;1
🈯️;2;3;3;3;2
🚛;1;2;2;2;1
📄;1;2;2;2;1
⛎;1;1;1;1;1
📊;1;2;2;2;1
🚷;1;2;2;2;1
🇨🇳;2;4;4;4;2
📳;1;2;2;2;1
🕙;1;2;2;2;1
🕘;1;2;2;2;1
🚅;1;2;2;2;1
🚐;1;2;2;2;1
🚊;1;2;2;2;1
🕗;1;2;2;2;1
🈳;1;2;2;2;1
🚥;1;2;2;2;1
🚵🏿‍♀;4;6;6;6;4
🚵🏾‍♀;4;6;6;6;4
🚵🏽‍♀;4;6;6;6;4
🚵🏼‍♀;4;6;6;6;4
🚵🏻‍♀;4;6;6;6;4
🚵‍♀;3;4;4;4;3
🚵🏿;2;4;4;4;2
🚵🏾;2;4;4;4;2
🚵🏽;2;4;4;4;2
🚵🏼;2;4;4;4;2
🚵🏻;2;4;4;4;2
🚵;1;2;2;2;1
🔬;1;2;2;2;1
🏯;1;2;2;2;1
🔖;1;2;2;2;1
📑;1;2;2;2;1
👝;1;2;2;2;1
🆎;1;2;2;2;1
📃;1;2;2;2;1
🎴;1;2;2;2;1
🕚;1;2;2;2;1
📠;1;2;2;2;1
🕖;1;2;2;2;1
◽;1;1;1;1;1
💱;1;2;2;2;1
🔉;1;2;2;2;1
💹;1;2;2;2;1
🆑;1;2;2;2;1
💾;1;2;2;2;1
🏣;1;2;2;2;1
🔈;1;2;2;2;1
🗾;1;2;2;2;1
🈺;1;2;2;2;1
🀄;1;2;2;2;1
📨;1;2;2;2;1
📙;1;2;2;2;1
🚻;1;2;2;2;1
🈚️;2;3;3;3;2
🈶;1;2;2;2;1
📐;1;2;2;2;1
🚋;1;2;2;2;1
🈸;1;2;2;2;1
🚎;1;2;2;2;1
🈷;1;2;2;2;1
🔢;1;2;2;2;1
📔;1;2;2;2;1
🈲;1;2;2;2;1
🈵;1;2;2;2;1
📯;1;2;2;2;1
🏭;1;2;2;2;1
🚸;1;2;2;2;1
🚆;1;2;2;2;1
📏;1;2;2;2;1
📟;1;2;2;2;1
🉑;1;2;2;2;1
🈴;1;2;2;2;1
🔏;1;2;2;2;1
🕜;1;2;2;2;1
🈂️;2;3;3;3;2
📤;1;2;2;2;1
🔀;1;2;2;2;1
📫;1;2;2;2;1
🚈;1;2;2;2;1
🕤;1;2;2;2;1
🚏;1;2;2;2;1
📂;1;2;2;2;1
📁;1;2;2;2;1
🚰;1;2;2;2;1
📇;1;2;2;2;1
🕝;1;2;2;2;1
🚝;1;2;2;2;1
🕧;1;2;2;2;1
🕥;1;2;2;2;1
🔤;1;2;2;2;1
📪;1;2;2;2;1
🕟;1;2;2;2;1
🚞;1;2;2;2;1
🚯;1;2;2;2;1
🕞;1;2;2;2;1
➗;1;1;1;1;1
🕢;1;2;2;2;1
🕠;1;2;2;2;1
🔠;1;2;2;2;1
📭;1;2;2;2;1
🔣;1;2;2;2;1
🚡;1;2;2;2;1
🕣;1;2;2;2;1
🕡;1;2;2;2;1
🔡;1;2;2;2;1
🚠;1;2;2;2;1
🈁;1;2;2;2;1
🛂;1;2;2;2;1
🚱;1;2;2;2;1
🚟;1;2;2;2;1
🛄;1;2;2;2;1
🚳;1;2;2;2;1
🏳‍🌈;3;5;5;5;3
🕵🏿‍♀;4;6;6;6;4
🕵🏾‍♀;4;6;6;6;4
🕵🏽‍♀;4;6;6;6;4
🕵🏼‍♀;4;6;6;6;4
🕵🏻‍♀;4;6;6;6;4
🕵‍♀;3;4;4;4;3
🕵🏿;2;4;4;4;2
🕵🏾;2;4;4;4;2
🕵🏽;2;4;4;4;2
🕵🏼;2;4;4;4;2
🕵🏻;2;4;4;4;2
🕵;1;2;2;2;1
☹;1;1;1;1;1
☠;1;1;1;1;1
🤗;1;2;2;2;1
🤖;1;2;2;2;1
🤕;1;2;2;2;1
🤔;1;2;2;2;1
🤓;1;2;2;2;1
🤒;1;2;2;2;1
🤑;1;2;2;2;1
🤐;1;2;2;2;1
🙄;1;2;2;2;1
🙃;1;2;2;2;1
🙂;1;2;2;2;1
🙁;1;2;2;2;1
🤘🏿;2;4;4;4;2
🤘🏾;2;4;4;4;2
🤘🏽;2;4;4;4;2
🤘🏼;2;4;4;4;2
🤘🏻;2;4;4;4;2
🤘;1;2;2;2;1
🖖🏿;2;4;4;4;2
🖖🏾;2;4;4;4;2
🖖🏽;2;4;4;4;2
🖖🏼;2;4;4;4;2
🖖🏻;2;4;4;4;2
🖖;1;2;2;2;1
🖕🏿;2;4;4;4;2
🖕🏾;2;4;4;4;2
🖕🏽;2;4;4;4;2
🖕🏼;2;4;4;4;2
🖕🏻;2;4;4;4;2
🖕;1;2;2;2;1
🖐🏿;2;4;4;4;2
🖐🏾;2;4;4;4;2
🖐🏽;2;4;4;4;2
🖐🏼;2;4;4;4;2
🖐🏻;2;4;4;4;2
🖐;1;2;2;2;1
✍🏿;2;3;3;3;2
✍🏾;2;3;3;3;2
✍🏽;2;3;3;3;2
✍🏼;2;3;3;3;2
✍🏻;2;3;3;3;2
✍;1;1;1;1;1
🕶;1;2;2;2;1
👁‍🗨;3;5;5;5;3
👁;1;2;2;2;1
🏋🏿‍♀;4;6;6;6;4
🏋🏾‍♀;4;6;6;6;4
🏋🏽‍♀;4;6;6;6;4
🏋🏼‍♀;4;6;6;6;4
🏋🏻‍♀;4;6;6;6;4
🏋‍♀;3;4;4;4;3
🏋🏿;2;4;4;4;2
🏋🏾;2;4;4;4;2
🏋🏽;2;4;4;4;2
🏋🏼;2;4;4;4;2
🏋🏻;2;4;4;4;2
🏋;1;2;2;2;1
⛹🏿‍♀;4;5;5;5;4
⛹🏾‍♀;4;5;5;5;4
⛹🏽‍♀;4;5;5;5;4
⛹🏼‍♀;4;5;5;5;4
⛹🏻‍♀;4;5;5;5;4
⛹‍♀;3;3;3;3;3
⛹🏿;2;3;3;3;2
⛹🏾;2;3;3;3;2
⛹🏽;2;3;3;3;2
⛹🏼;2;3;3;3;2
⛹🏻;2;3;3;3;2
⛹;1;1;1;1;1
🕴;1;2;2;2;1
🏌;1;2;2;2;1
🏌‍♀;3;4;4;4;3
*️⃣;3;3;3;3;3
❣️;2;2;2;2;2
✡️;2;2;2;2;2
✝️;2;2;2;2;2
⚜;1;1;1;1;1
⚛;1;1;1;1;1
☸;1;1;1;1;1
☯;1;1;1;1;1
☮;1;1;1;1;1
☪;1;1;1;1;1
☦;1;1;1;1;1
☣;1;1;1;1;1
☢;1;1;1;1;1
🛐;1;2;2;2;1
🗯;1;2;2;2;1
🕎;1;2;2;2;1
🕉;1;2;2;2;1
⚱;1;1;1;1;1
⚰;1;1;1;1;1
⚙;1;1;1;1;1
⚗;1;1;1;1;1
⚖;1;1;1;1;1
⚔;1;1;1;1;1
⌨;1;1;1;1;1
🛢;1;2;2;2;1
🛡;1;2;2;2;1
🛠;1;2;2;2;1
🛏;1;2;2;2;1
🛎;1;2;2;2;1
🛍;1;2;2;2;1
🛌;1;2;2;2;1
🛋;1;2;2;2;1
🗳;1;2;2;2;1
🗡;1;2;2;2;1
🗞;1;2;2;2;1
🗝;1;2;2;2;1
🗜;1;2;2;2;1
🗓;1;2;2;2;1
🗒;1;2;2;2;1
🗑;1;2;2;2;1
🗄;1;2;2;2;1
🗃;1;2;2;2;1
🗂;1;2;2;2;1
🖼;1;2;2;2;1
🖲;1;2;2;2;1
🖱;1;2;2;2;1
🖨;1;2;2;2;1
🖥;1;2;2;2;1
🖍;1;2;2;2;1
🖌;1;2;2;2;1
🖋;1;2;2;2;1
🖊;1;2;2;2;1
🖇;1;2;2;2;1
🕹;1;2;2;2;1
🕳;1;2;2;2;1
🕰;1;2;2;2;1
🕯;1;2;2;2;1
📿;1;2;2;2;1
📽;1;2;2;2;1
📸;1;2;2;2;1
🏺;1;2;2;2;1
🏷;1;2;2;2;1
🏴;1;2;2;2;1
🏳;1;2;2;2;1
🎞;1;2;2;2;1
🎛;1;2;2;2;1
🎚;1;2;2;2;1
🎙;1;2;2;2;1
🌡;1;2;2;2;1
🛳;1;2;2;2;1
🛰;1;2;2;2;1
🛬;1;2;2;2;1
🛫;1;2;2;2;1
🛩;1;2;2;2;1
🛥;1;2;2;2;1
🛤;1;2;2;2;1
🛣;1;2;2;2;1
🗺;1;2;2;2;1
🕍;1;2;2;2;1
🕌;1;2;2;2;1
🕋;1;2;2;2;1
🏟;1;2;2;2;1
🏞;1;2;2;2;1
🏝;1;2;2;2;1
🏜;1;2;2;2;1
🏛;1;2;2;2;1
🏚;1;2;2;2;1
🏙;1;2;2;2;1
🏘;1;2;2;2;1
🏗;1;2;2;2;1
🏖;1;2;2;2;1
🏕;1;2;2;2;1
🏔;1;2;2;2;1
🏎;1;2;2;2;1
🏍;1;2;2;2;1
🏹;1;2;2;2;1
🏸;1;2;2;2;1
🏵;1;2;2;2;1
🏓;1;2;2;2;1
🏒;1;2;2;2;1
🏑;1;2;2;2;1
🏐;1;2;2;2;1
🏏;1;2;2;2;1
🏅;1;2;2;2;1
🎟;1;2;2;2;1
🎗;1;2;2;2;1
🎖;1;2;2;2;1
🧀;1;2;2;2;1
🍿;1;2;2;2;1
🍾;1;2;2;2;1
🍽;1;2;2;2;1
🌶;1;2;2;2;1
🌯;1;2;2;2;1
🌮;1;2;2;2;1
🌭;1;2;2;2;1
☘;1;1;1;1;1
☄;1;1;1;1;1
☃️;2;2;2;2;2
☂️;2;2;2;2;2
🦄;1;2;2;2;1
🦃;1;2;2;2;1
🦂;1;2;2;2;1
🦁;1;2;2;2;1
🦀;1;2;2;2;1
🕸;1;2;2;2;1
🕷;1;2;2;2;1
🕊;1;2;2;2;1
🐿;1;2;2;2;1
🌬;1;2;2;2;1
🌫;1;2;2;2;1
🌪;1;2;2;2;1
🌩;1;2;2;2;1
🌨;1;2;2;2;1
🌧;1;2;2;2;1
🌦;1;2;2;2;1
🌥;1;2;2;2;1
🌤;1;2;2;2;1
🗣;1;2;2;2;1
⏺;1;1;1;1;1
⏹;1;1;1;1;1
⏸;1;1;1;1;1
⏯;1;1;1;1;1
⏮;1;1;1;1;1
⏭;1;1;1;1;1
⛱;1;1;1;1;1
⛓;1;1;1;1;1
⛏;1;1;1;1;1
⚒;1;1;1;1;1
⏲;1;1;1;1;1
⏱;1;1;1;1;1
⛴;1;1;1;1;1
⛰;1;1;1;1;1
⛩;1;1;1;1;1
⛸;1;1;1;1;1
⛷;1;1;1;1;1
⛈;1;1;1;1;1
⛑;1;1;1;1;1
🇦🇨;2;4;4;4;2
🇦🇩;2;4;4;4;2
🇦🇪;2;4;4;4;2
🇦🇫;2;4;4;4;2
🇦🇬;2;4;4;4;2
🇦🇮;2;4;4;4;2
🇦🇱;2;4;4;4;2
🇦🇲;2;4;4;4;2
🇦🇴;2;4;4;4;2
🇦🇶;2;4;4;4;2
🇦🇷;2;4;4;4;2
🇦🇸;2;4;4;4;2
🇦🇹;2;4;4;4;2
🇦🇺;2;4;4;4;2
🇦🇼;2;4;4;4;2
🇦🇽;2;4;4;4;2
🇦🇿;2;4;4;4;2
🇧🇦;2;4;4;4;2
🇧🇧;2;4;4;4;2
🇧🇩;2;4;4;4;2
🇧🇪;2;4;4;4;2
🇧🇫;2;4;4;4;2
🇧🇬;2;4;4;4;2
🇧🇭;2;4;4;4;2
🇧🇮;2;4;4;4;2
🇧🇯;2;4;4;4;2
🇧🇱;2;4;4;4;2
🇧🇲;2;4;4;4;2
🇧🇳;2;4;4;4;2
🇧🇴;2;4;4;4;2
🇧🇶;2;4;4;4;2
🇧🇷;2;4;4;4;2
🇧🇸;2;4;4;4;2
🇧🇹;2;4;4;4;2
🇧🇻;2;4;4;4;2
🇧🇼;2;4;4;4;2
🇧🇾;2;4;4;4;2
🇧🇿;2;4;4;4;2
🇨🇦;2;4;4;4;2
🇨🇨;2;4;4;4;2
🇨🇩;2;4;4;4;2
🇨🇫;2;4;4;4;2
🇨🇬;2;4;4;4;2
🇨🇭;2;4;4;4;2
🇨🇮;2;4;4;4;2
🇨🇰;2;4;4;4;2
🇨🇱;2;4;4;4;2
🇨🇲;2;4;4;4;2
🇨🇳;2;4;4;4;2
🇨🇴;2;4;4;4;2
🇨🇵;2;4;4;4;2
🇨🇷;2;4;4;4;2
🇨🇺;2;4;4;4;2
🇨🇻;2;4;4;4;2
🇨🇼;2;4;4;4;2
🇨🇽;2;4;4;4;2
🇨🇾;2;4;4;4;2
🇨🇿;2;4;4;4;2
🇩🇪;2;4;4;4;2
🇩🇬;2;4;4;4;2
🇩🇯;2;4;4;4;2
🇩🇰;2;4;4;4;2
🇩🇲;2;4;4;4;2
🇩🇴;2;4;4;4;2
🇩🇿;2;4;4;4;2
🇪🇦;2;4;4;4;2
🇪🇨;2;4;4;4;2
🇪🇪;2;4;4;4;2
🇪🇬;2;4;4;4;2
🇪🇭;2;4;4;4;2
🇪🇷;2;4;4;4;2
🇪🇸;2;4;4;4;2
🇪🇹;2;4;4;4;2
🇪🇺;2;4;4;4;2
🇫🇮;2;4;4;4;2
🇫🇯;2;4;4;4;2
🇫🇰;2;4;4;4;2
🇫🇲;2;4;4;4;2
🇫🇴;2;4;4;4;2
🇫🇷;2;4;4;4;2
🇬🇦;2;4;4;4;2
🇬🇧;2;4;4;4;2
🇬🇩;2;4;4;4;2
🇬🇪;2;4;4;4;2
🇬🇫;2;4;4;4;2
🇬🇬;2;4;4;4;2
🇬🇭;2;4;4;4;2
🇬🇮;2;4;4;4;2
🇬🇱;2;4;4;4;2
🇬🇲;2;4;4;4;2
🇬🇳;2;4;4;4;2
🇬🇵;2;4;4;4;2
🇬🇶;2;4;4;4;2
🇬🇷;2;4;4;4;2
🇬🇸;2;4;4;4;2
🇬🇹;2;4;4;4;2
🇬🇺;2;4;4;4;2
🇬🇼;2;4;4;4;2
🇬🇾;2;4;4;4;2
🇭🇰;2;4;4;4;2
🇭🇲;2;4;4;4;2
🇭🇳;2;4;4;4;2
🇭🇷;2;4;4;4;2
🇭🇹;2;4;4;4;2
🇭🇺;2;4;4;4;2
🇮🇨;2;4;4;4;2
🇮🇩;2;4;4;4;2
🇮🇪;2;4;4;4;2
🇮🇱;2;4;4;4;2
🇮🇲;2;4;4;4;2
🇮🇳;2;4;4;4;2
🇮🇴;2;4;4;4;2
🇮🇶;2;4;4;4;2
🇮🇷;2;4;4;4;2
🇮🇸;2;4;4;4;2
🇮🇹;2;4;4;4;2
🇯🇪;2;4;4;4;2
🇯🇲;2;4;4;4;2
🇯🇴;2;4;4;4;2
🇯🇵;2;4;4;4;2
🇰🇪;2;4;4;4;2
🇰🇬;2;4;4;4;2
🇰🇭;2;4;4;4;2
🇰🇮;2;4;4;4;2
🇰🇲;2;4;4;4;2
🇰🇳;2;4;4;4;2
🇰🇵;2;4;4;4;2
🇰🇷;2;4;4;4;2
🇰🇼;2;4;4;4;2
🇰🇾;2;4;4;4;2
🇰🇿;2;4;4;4;2
🇱🇦;2;4;4;4;2
🇱🇧;2;4;4;4;2
🇱🇨;2;4;4;4;2
🇱🇮;2;4;4;4;2
🇱🇰;2;4;4;4;2
🇱🇷;2;4;4;4;2
🇱🇸;2;4;4;4;2
🇱🇹;2;4;4;4;2
🇱🇺;2;4;4;4;2
🇱🇻;2;4;4;4;2
🇱🇾;2;4;4;4;2
🇲🇦;2;4;4;4;2
🇲🇨;2;4;4;4;2
🇲🇩;2;4;4;4;2
🇲🇪;2;4;4;4;2
🇲🇫;2;4;4;4;2
🇲🇬;2;4;4;4;2
🇲🇭;2;4;4;4;2
🇲🇰;2;4;4;4;2
🇲🇱;2;4;4;4;2
🇲🇲;2;4;4;4;2
🇲🇳;2;4;4;4;2
🇲🇴;2;4;4;4;2
🇲🇵;2;4;4;4;2
🇲🇶;2;4;4;4;2
🇲🇷;2;4;4;4;2
🇲🇸;2;4;4;4;2
🇲🇹;2;4;4;4;2
🇲🇺;2;4;4;4;2
🇲🇻;2;4;4;4;2
🇲🇼;2;4;4;4;2
🇲🇽;2;4;4;4;2
🇲🇾;2;4;4;4;2
🇲🇿;2;4;4;4;2
🇳🇦;2;4;4;4;2
🇳🇨;2;4;4;4;2
🇳🇪;2;4;4;4;2
🇳🇫;2;4;4;4;2
🇳🇬;2;4;4;4;2
🇳🇮;2;4;4;4;2
🇳🇱;2;4;4;4;2
🇳🇴;2;4;4;4;2
🇳🇵;2;4;4;4;2
🇳🇷;2;4;4;4;2
🇳🇺;2;4;4;4;2
🇳🇿;2;4;4;4;2
🇴🇲;2;4;4;4;2
🇵🇦;2;4;4;4;2
🇵🇪;2;4;4;4;2
🇵🇫;2;4;4;4;2
🇵🇬;2;4;4;4;2
🇵🇭;2;4;4;4;2
🇵🇰;2;4;4;4;2
🇵🇱;2;4;4;4;2
🇵🇲;2;4;4;4;2
🇵🇳;2;4;4;4;2
🇵🇷;2;4;4;4;2
🇵🇸;2;4;4;4;2
🇵🇹;2;4;4;4;2
🇵🇼;2;4;4;4;2
🇵🇾;2;4;4;4;2
🇶🇦;2;4;4;4;2
🇷🇪;2;4;4;4;2
🇷🇴;2;4;4;4;2
🇷🇸;2;4;4;4;2
🇷🇺;2;4;4;4;2
🇷🇼;2;4;4;4;2
🇸🇦;2;4;4;4;2
🇸🇧;2;4;4;4;2
🇸🇨;2;4;4;4;2
🇸🇩;2;4;4;4;2
🇸🇪;2;4;4;4;2
🇸🇬;2;4;4;4;2
🇸🇭;2;4;4;4;2
🇸🇮;2;4;4;4;2
🇸🇯;2;4;4;4;2
🇸🇰;2;4;4;4;2
🇸🇱;2;4;4;4;2
🇸🇲;2;4;4;4;2
🇸🇳;2;4;4;4;2
🇸🇴;2;4;4;4;2
🇸🇷;2;4;4;4;2
🇸🇸;2;4;4;4;2
🇸🇹;2;4;4;4;2
🇸🇻;2;4;4;4;2
🇸🇽;2;4;4;4;2
🇸🇾;2;4;4;4;2
🇸🇿;2;4;4;4;2
🇹🇦;2;4;4;4;2
🇹🇨;2;4;4;4;2
🇹🇩;2;4;4;4;2
🇹🇫;2;4;4;4;2
🇹🇬;2;4;4;4;2
🇹🇭;2;4;4;4;2
🇹🇯;2;4;4;4;2
🇹🇰;2;4;4;4;2
🇹🇱;2;4;4;4;2
🇹🇲;2;4;4;4;2
🇹🇳;2;4;4;4;2
🇹🇴;2;4;4;4;2
🇹🇷;2;4;4;4;2
🇹🇹;2;4;4;4;2
🇹🇻;2;4;4;4;2
🇹🇼;2;4;4;4;2
🇹🇿;2;4;4;4;2
🇺🇦;2;4;4;4;2
🇺🇬;2;4;4;4;2
🇺🇲;2;4;4;4;2
🇺🇸;2;4;4;4;2
🇺🇾;2;4;4;4;2
🇺🇿;2;4;4;4;2
🇻🇦;2;4;4;4;2
🇻🇨;2;4;4;4;2
🇻🇪;2;4;4;4;2
🇻🇬;2;4;4;4;2
🇻🇮;2;4;4;4;2
🇻🇳;2;4;4;4;2
🇻🇺;2;4;4;4;2
🇼🇫;2;4;4;4;2
🇼🇸;2;4;4;4;2
🇽🇰;2;4;4;4;2
🇾🇪;2;4;4;4;2
🇾🇹;2;4;4;4;2
🇿🇦;2;4;4;4;2
🇿🇲;2;4;4;4;2
🇿🇼;2;4;4;4;2
🖤;1;2;2;2;1
🗨;1;2;2;2;1
🥚;1;2;2;2;1
🛑;1;2;2;2;1
♠;1;1;1;1;1
♥;1;1;1;1;1
♦;1;1;1;1;1
♣;1;1;1;1;1
🥁;1;2;2;2;1
↔;1;1;1;1;1
©;1;1;1;1;1
®;1;1;1;1;1
™;1;1;1;1;1
0️⃣;3;0;3;3;3
1️⃣;3;0;3;3;3
2️⃣;3;0;3;3;3
3️⃣;3;0;3;3;3
4️⃣;3;0;3;3;3
5️⃣;3;0;3;3;3
6️⃣;3;0;3;3;3
7️⃣;3;0;3;3;3
8️⃣;3;0;3;3;3
9️⃣;3;0;3;3;3
#⃣;2;2;2;2;2
*⃣;2;2;2;2;2
0⃣;2;0;2;2;2
1⃣;2;0;2;2;2
2⃣;2;0;2;2;2
3⃣;2;0;2;2;2
4⃣;2;0;2;2;2
5⃣;2;0;2;2;2
6⃣;2;0;2;2;2
7⃣;2;0;2;2;2
8⃣;2;0;2;2;2
9⃣;2;0;2;2;2
🤣;1;2;2;2;1
🥰;1;2;2;2;1
🤩;1;2;2;2;1
☺;1;1;1;1;1
🤪;1;2;2;2;1
🤭;1;2;2;2;1
🤫;1;2;2;2;1
🤨;1;2;2;2;1
🤥;1;2;2;2;1
🤤;1;2;2;2;1
🤢;1;2;2;2;1
🤮;1;2;2;2;1
🤧;1;2;2;2;1
🥵;1;2;2;2;1
🥶;1;2;2;2;1
🥴;1;2;2;2;1
🤯;1;2;2;2;1
🤠;1;2;2;2;1
🥳;1;2;2;2;1
🧐;1;2;2;2;1
☹️;2;2;2;2;2
🥺;1;2;2;2;1
🥱;1;2;2;2;1
🤬;1;2;2;2;1
☠️;2;2;2;2;2
🤡;1;2;2;2;1
❣;1;1;1;1;1
❤;1;1;1;1;1
🧡;1;2;2;2;1
🤎;1;2;2;2;1
🤍;1;2;2;2;1
🕳️;2;3;3;3;2
👁️‍🗨️;5;7;7;7;5
👁‍🗨️;4;6;6;6;4
👁️‍🗨;4;6;6;6;4
🗨️;2;3;3;3;2
🗯️;2;3;3;3;2
🤚;1;2;2;2;1
🤚🏻;2;4;4;4;2
🤚🏼;2;4;4;4;2
🤚🏽;2;4;4;4;2
🤚🏾;2;4;4;4;2
🤚🏿;2;4;4;4;2
🖐️;2;3;3;3;2
🤏;1;2;2;2;1
🤏🏻;2;4;4;4;2
🤏🏼;2;4;4;4;2
🤏🏽;2;4;4;4;2
🤏🏾;2;4;4;4;2
🤏🏿;2;4;4;4;2
✌;1;1;1;1;1
🤞;1;2;2;2;1
🤞🏻;2;4;4;4;2
🤞🏼;2;4;4;4;2
🤞🏽;2;4;4;4;2
🤞🏾;2;4;4;4;2
🤞🏿;2;4;4;4;2
🤟;1;2;2;2;1
🤟🏻;2;4;4;4;2
🤟🏼;2;4;4;4;2
🤟🏽;2;4;4;4;2
🤟🏾;2;4;4;4;2
🤟🏿;2;4;4;4;2
🤙;1;2;2;2;1
🤙🏻;2;4;4;4;2
🤙🏼;2;4;4;4;2
🤙🏽;2;4;4;4;2
🤙🏾;2;4;4;4;2
🤙🏿;2;4;4;4;2
☝;1;1;1;1;1
🤛;1;2;2;2;1
🤛🏻;2;4;4;4;2
🤛🏼;2;4;4;4;2
🤛🏽;2;4;4;4;2
🤛🏾;2;4;4;4;2
🤛🏿;2;4;4;4;2
🤜;1;2;2;2;1
🤜🏻;2;4;4;4;2
🤜🏼;2;4;4;4;2
🤜🏽;2;4;4;4;2
🤜🏾;2;4;4;4;2
🤜🏿;2;4;4;4;2
🤲;1;2;2;2;1
🤲🏻;2;4;4;4;2
🤲🏼;2;4;4;4;2
🤲🏽;2;4;4;4;2
🤲🏾;2;4;4;4;2
🤲🏿;2;4;4;4;2
🤝;1;2;2;2;1
✍️;2;2;2;2;2
🤳;1;2;2;2;1
🤳🏻;2;4;4;4;2
🤳🏼;2;4;4;4;2
🤳🏽;2;4;4;4;2
🤳🏾;2;4;4;4;2
🤳🏿;2;4;4;4;2
🦾;1;2;2;2;1
🦿;1;2;2;2;1
🦵;1;2;2;2;1
🦵🏻;2;4;4;4;2
🦵🏼;2;4;4;4;2
🦵🏽;2;4;4;4;2
🦵🏾;2;4;4;4;2
🦵🏿;2;4;4;4;2
🦶;1;2;2;2;1
🦶🏻;2;4;4;4;2
🦶🏼;2;4;4;4;2
🦶🏽;2;4;4;4;2
🦶🏾;2;4;4;4;2
🦶🏿;2;4;4;4;2
🦻;1;2;2;2;1
🦻🏻;2;4;4;4;2
🦻🏼;2;4;4;4;2
🦻🏽;2;4;4;4;2
🦻🏾;2;4;4;4;2
🦻🏿;2;4;4;4;2
🧠;1;2;2;2;1
🦷;1;2;2;2;1
🦴;1;2;2;2;1
👁️;2;3;3;3;2
🧒;1;2;2;2;1
🧒🏻;2;4;4;4;2
🧒🏼;2;4;4;4;2
🧒🏽;2;4;4;4;2
🧒🏾;2;4;4;4;2
🧒🏿;2;4;4;4;2
🧑;1;2;2;2;1
🧑🏻;2;4;4;4;2
🧑🏼;2;4;4;4;2
🧑🏽;2;4;4;4;2
🧑🏾;2;4;4;4;2
🧑🏿;2;4;4;4;2
🧔;1;2;2;2;1
🧔🏻;2;4;4;4;2
🧔🏼;2;4;4;4;2
🧔🏽;2;4;4;4;2
🧔🏾;2;4;4;4;2
🧔🏿;2;4;4;4;2
👨‍🦰;3;5;5;5;3
👨🏻‍🦰;4;7;7;7;4
👨🏼‍🦰;4;7;7;7;4
👨🏽‍🦰;4;7;7;7;4
👨🏾‍🦰;4;7;7;7;4
👨🏿‍🦰;4;7;7;7;4
👨‍🦱;3;5;5;5;3
👨🏻‍🦱;4;7;7;7;4
👨🏼‍🦱;4;7;7;7;4
👨🏽‍🦱;4;7;7;7;4
👨🏾‍🦱;4;7;7;7;4
👨🏿‍🦱;4;7;7;7;4
👨‍🦳;3;5;5;5;3
👨🏻‍🦳;4;7;7;7;4
👨🏼‍🦳;4;7;7;7;4
👨🏽‍🦳;4;7;7;7;4
👨🏾‍🦳;4;7;7;7;4
👨🏿‍🦳;4;7;7;7;4
👨‍🦲;3;5;5;5;3
👨🏻‍🦲;4;7;7;7;4
👨🏼‍🦲;4;7;7;7;4
👨🏽‍🦲;4;7;7;7;4
👨🏾‍🦲;4;7;7;7;4
👨🏿‍🦲;4;7;7;7;4
👩‍🦰;3;5;5;5;3
👩🏻‍🦰;4;7;7;7;4
👩🏼‍🦰;4;7;7;7;4
👩🏽‍🦰;4;7;7;7;4
👩🏾‍🦰;4;7;7;7;4
👩🏿‍🦰;4;7;7;7;4
🧑‍🦰;3;5;5;5;3
🧑🏻‍🦰;4;7;7;7;4
🧑🏼‍🦰;4;7;7;7;4
🧑🏽‍🦰;4;7;7;7;4
🧑🏾‍🦰;4;7;7;7;4
🧑🏿‍🦰;4;7;7;7;4
👩‍🦱;3;5;5;5;3
👩🏻‍🦱;4;7;7;7;4
👩🏼‍🦱;4;7;7;7;4
👩🏽‍🦱;4;7;7;7;4
👩🏾‍🦱;4;7;7;7;4
👩🏿‍🦱;4;7;7;7;4
🧑‍🦱;3;5;5;5;3
🧑🏻‍🦱;4;7;7;7;4
🧑🏼‍🦱;4;7;7;7;4
🧑🏽‍🦱;4;7;7;7;4
🧑🏾‍🦱;4;7;7;7;4
🧑🏿‍🦱;4;7;7;7;4
👩‍🦳;3;5;5;5;3
👩🏻‍🦳;4;7;7;7;4
👩🏼‍🦳;4;7;7;7;4
👩🏽‍🦳;4;7;7;7;4
👩🏾‍🦳;4;7;7;7;4
👩🏿‍🦳;4;7;7;7;4
🧑‍🦳;3;5;5;5;3
🧑🏻‍🦳;4;7;7;7;4
🧑🏼‍🦳;4;7;7;7;4
🧑🏽‍🦳;4;7;7;7;4
🧑🏾‍🦳;4;7;7;7;4
🧑🏿‍🦳;4;7;7;7;4
👩‍🦲;3;5;5;5;3
👩🏻‍🦲;4;7;7;7;4
👩🏼‍🦲;4;7;7;7;4
👩🏽‍🦲;4;7;7;7;4
👩🏾‍🦲;4;7;7;7;4
👩🏿‍🦲;4;7;7;7;4
🧑‍🦲;3;5;5;5;3
🧑🏻‍🦲;4;7;7;7;4
🧑🏼‍🦲;4;7;7;7;4
🧑🏽‍🦲;4;7;7;7;4
🧑🏾‍🦲;4;7;7;7;4
🧑🏿‍🦲;4;7;7;7;4
👱‍♀️;4;5;5;5;4
👱🏻‍♀️;5;7;7;7;5
👱🏼‍♀️;5;7;7;7;5
👱🏽‍♀️;5;7;7;7;5
👱🏾‍♀️;5;7;7;7;5
👱🏿‍♀️;5;7;7;7;5
👱‍♂️;4;5;5;5;4
👱‍♂;3;4;4;4;3
👱🏻‍♂️;5;7;7;7;5
👱🏻‍♂;4;6;6;6;4
👱🏼‍♂️;5;7;7;7;5
👱🏼‍♂;4;6;6;6;4
👱🏽‍♂️;5;7;7;7;5
👱🏽‍♂;4;6;6;6;4
👱🏾‍♂️;5;7;7;7;5
👱🏾‍♂;4;6;6;6;4
👱🏿‍♂️;5;7;7;7;5
👱🏿‍♂;4;6;6;6;4
🧓;1;2;2;2;1
🧓🏻;2;4;4;4;2
🧓🏼;2;4;4;4;2
🧓🏽;2;4;4;4;2
🧓🏾;2;4;4;4;2
🧓🏿;2;4;4;4;2
🙍‍♂️;4;5;5;5;4
🙍🏻‍♂️;5;7;7;7;5
🙍🏼‍♂️;5;7;7;7;5
🙍🏽‍♂️;5;7;7;7;5
🙍🏾‍♂️;5;7;7;7;5
🙍🏿‍♂️;5;7;7;7;5
🙍‍♀️;4;5;5;5;4
🙍‍♀;3;4;4;4;3
🙍🏻‍♀️;5;7;7;7;5
🙍🏻‍♀;4;6;6;6;4
🙍🏼‍♀️;5;7;7;7;5
🙍🏼‍♀;4;6;6;6;4
🙍🏽‍♀️;5;7;7;7;5
🙍🏽‍♀;4;6;6;6;4
🙍🏾‍♀️;5;7;7;7;5
🙍🏾‍♀;4;6;6;6;4
🙍🏿‍♀️;5;7;7;7;5
🙍🏿‍♀;4;6;6;6;4
🙎‍♂️;4;5;5;5;4
🙎🏻‍♂️;5;7;7;7;5
🙎🏼‍♂️;5;7;7;7;5
🙎🏽‍♂️;5;7;7;7;5
🙎🏾‍♂️;5;7;7;7;5
🙎🏿‍♂️;5;7;7;7;5
🙎‍♀️;4;5;5;5;4
🙎‍♀;3;4;4;4;3
🙎🏻‍♀️;5;7;7;7;5
🙎🏻‍♀;4;6;6;6;4
🙎🏼‍♀️;5;7;7;7;5
🙎🏼‍♀;4;6;6;6;4
🙎🏽‍♀️;5;7;7;7;5
🙎🏽‍♀;4;6;6;6;4
🙎🏾‍♀️;5;7;7;7;5
🙎🏾‍♀;4;6;6;6;4
🙎🏿‍♀️;5;7;7;7;5
🙎🏿‍♀;4;6;6;6;4
🙅‍♂️;4;5;5;5;4
🙅🏻‍♂️;5;7;7;7;5
🙅🏼‍♂️;5;7;7;7;5
🙅🏽‍♂️;5;7;7;7;5
🙅🏾‍♂️;5;7;7;7;5
🙅🏿‍♂️;5;7;7;7;5
🙅‍♀️;4;5;5;5;4
🙅‍♀;3;4;4;4;3
🙅🏻‍♀️;5;7;7;7;5
🙅🏻‍♀;4;6;6;6;4
🙅🏼‍♀️;5;7;7;7;5
🙅🏼‍♀;4;6;6;6;4
🙅🏽‍♀️;5;7;7;7;5
🙅🏽‍♀;4;6;6;6;4
🙅🏾‍♀️;5;7;7;7;5
🙅🏾‍♀;4;6;6;6;4
🙅🏿‍♀️;5;7;7;7;5
🙅🏿‍♀;4;6;6;6;4
🙆‍♂️;4;5;5;5;4
🙆🏻‍♂️;5;7;7;7;5
🙆🏼‍♂️;5;7;7;7;5
🙆🏽‍♂️;5;7;7;7;5
🙆🏾‍♂️;5;7;7;7;5
🙆🏿‍♂️;5;7;7;7;5
🙆‍♀️;4;5;5;5;4
🙆‍♀;3;4;4;4;3
🙆🏻‍♀️;5;7;7;7;5
🙆🏻‍♀;4;6;6;6;4
🙆🏼‍♀️;5;7;7;7;5
🙆🏼‍♀;4;6;6;6;4
🙆🏽‍♀️;5;7;7;7;5
🙆🏽‍♀;4;6;6;6;4
🙆🏾‍♀️;5;7;7;7;5
🙆🏾‍♀;4;6;6;6;4
🙆🏿‍♀️;5;7;7;7;5
🙆🏿‍♀;4;6;6;6;4
💁‍♂️;4;5;5;5;4
💁🏻‍♂️;5;7;7;7;5
💁🏼‍♂️;5;7;7;7;5
💁🏽‍♂️;5;7;7;7;5
💁🏾‍♂️;5;7;7;7;5
💁🏿‍♂️;5;7;7;7;5
💁‍♀️;4;5;5;5;4
💁‍♀;3;4;4;4;3
💁🏻‍♀️;5;7;7;7;5
💁🏻‍♀;4;6;6;6;4
💁🏼‍♀️;5;7;7;7;5
💁🏼‍♀;4;6;6;6;4
💁🏽‍♀️;5;7;7;7;5
💁🏽‍♀;4;6;6;6;4
💁🏾‍♀️;5;7;7;7;5
💁🏾‍♀;4;6;6;6;4
💁🏿‍♀️;5;7;7;7;5
💁🏿‍♀;4;6;6;6;4
🙋‍♂️;4;5;5;5;4
🙋🏻‍♂️;5;7;7;7;5
🙋🏼‍♂️;5;7;7;7;5
🙋🏽‍♂️;5;7;7;7;5
🙋🏾‍♂️;5;7;7;7;5
🙋🏿‍♂️;5;7;7;7;5
🙋‍♀️;4;5;5;5;4
🙋‍♀;3;4;4;4;3
🙋🏻‍♀️;5;7;7;7;5
🙋🏻‍♀;4;6;6;6;4
🙋🏼‍♀️;5;7;7;7;5
🙋🏼‍♀;4;6;6;6;4
🙋🏽‍♀️;5;7;7;7;5
🙋🏽‍♀;4;6;6;6;4
🙋🏾‍♀️;5;7;7;7;5
🙋🏾‍♀;4;6;6;6;4
🙋🏿‍♀️;5;7;7;7;5
🙋🏿‍♀;4;6;6;6;4
🧏;1;2;2;2;1
🧏🏻;2;4;4;4;2
🧏🏼;2;4;4;4;2
🧏🏽;2;4;4;4;2
🧏🏾;2;4;4;4;2
🧏🏿;2;4;4;4;2
🧏‍♂️;4;5;5;5;4
🧏‍♂;3;4;4;4;3
🧏🏻‍♂️;5;7;7;7;5
🧏🏻‍♂;4;6;6;6;4
🧏🏼‍♂️;5;7;7;7;5
🧏🏼‍♂;4;6;6;6;4
🧏🏽‍♂️;5;7;7;7;5
🧏🏽‍♂;4;6;6;6;4
🧏🏾‍♂️;5;7;7;7;5
🧏🏾‍♂;4;6;6;6;4
🧏🏿‍♂️;5;7;7;7;5
🧏🏿‍♂;4;6;6;6;4
🧏‍♀️;4;5;5;5;4
🧏‍♀;3;4;4;4;3
🧏🏻‍♀️;5;7;7;7;5
🧏🏻‍♀;4;6;6;6;4
🧏🏼‍♀️;5;7;7;7;5
🧏🏼‍♀;4;6;6;6;4
🧏🏽‍♀️;5;7;7;7;5
🧏🏽‍♀;4;6;6;6;4
🧏🏾‍♀️;5;7;7;7;5
🧏🏾‍♀;4;6;6;6;4
🧏🏿‍♀️;5;7;7;7;5
🧏🏿‍♀;4;6;6;6;4
🙇‍♂️;4;5;5;5;4
🙇‍♂;3;4;4;4;3
🙇🏻‍♂️;5;7;7;7;5
🙇🏻‍♂;4;6;6;6;4
🙇🏼‍♂️;5;7;7;7;5
🙇🏼‍♂;4;6;6;6;4
🙇🏽‍♂️;5;7;7;7;5
🙇🏽‍♂;4;6;6;6;4
🙇🏾‍♂️;5;7;7;7;5
🙇🏾‍♂;4;6;6;6;4
🙇🏿‍♂️;5;7;7;7;5
🙇🏿‍♂;4;6;6;6;4
🙇‍♀️;4;5;5;5;4
🙇🏻‍♀️;5;7;7;7;5
🙇🏼‍♀️;5;7;7;7;5
🙇🏽‍♀️;5;7;7;7;5
🙇🏾‍♀️;5;7;7;7;5
🙇🏿‍♀️;5;7;7;7;5
🤦;1;2;2;2;1
🤦🏻;2;4;4;4;2
🤦🏼;2;4;4;4;2
🤦🏽;2;4;4;4;2
🤦🏾;2;4;4;4;2
🤦🏿;2;4;4;4;2
🤦‍♂️;4;5;5;5;4
🤦‍♂;3;4;4;4;3
🤦🏻‍♂️;5;7;7;7;5
🤦🏻‍♂;4;6;6;6;4
🤦🏼‍♂️;5;7;7;7;5
🤦🏼‍♂;4;6;6;6;4
🤦🏽‍♂️;5;7;7;7;5
🤦🏽‍♂;4;6;6;6;4
🤦🏾‍♂️;5;7;7;7;5
🤦🏾‍♂;4;6;6;6;4
🤦🏿‍♂️;5;7;7;7;5
🤦🏿‍♂;4;6;6;6;4
🤦‍♀️;4;5;5;5;4
🤦‍♀;3;4;4;4;3
🤦🏻‍♀️;5;7;7;7;5
🤦🏻‍♀;4;6;6;6;4
🤦🏼‍♀️;5;7;7;7;5
🤦🏼‍♀;4;6;6;6;4
🤦🏽‍♀️;5;7;7;7;5
🤦🏽‍♀;4;6;6;6;4
🤦🏾‍♀️;5;7;7;7;5
🤦🏾‍♀;4;6;6;6;4
🤦🏿‍♀️;5;7;7;7;5
🤦🏿‍♀;4;6;6;6;4
🤷;1;2;2;2;1
🤷🏻;2;4;4;4;2
🤷🏼;2;4;4;4;2
🤷🏽;2;4;4;4;2
🤷🏾;2;4;4;4;2
🤷🏿;2;4;4;4;2
🤷‍♂️;4;5;5;5;4
🤷‍♂;3;4;4;4;3
🤷🏻‍♂️;5;7;7;7;5
🤷🏻‍♂;4;6;6;6;4
🤷🏼‍♂️;5;7;7;7;5
🤷🏼‍♂;4;6;6;6;4
🤷🏽‍♂️;5;7;7;7;5
🤷🏽‍♂;4;6;6;6;4
🤷🏾‍♂️;5;7;7;7;5
🤷🏾‍♂;4;6;6;6;4
🤷🏿‍♂️;5;7;7;7;5
🤷🏿‍♂;4;6;6;6;4
🤷‍♀️;4;5;5;5;4
🤷‍♀;3;4;4;4;3
🤷🏻‍♀️;5;7;7;7;5
🤷🏻‍♀;4;6;6;6;4
🤷🏼‍♀️;5;7;7;7;5
🤷🏼‍♀;4;6;6;6;4
🤷🏽‍♀️;5;7;7;7;5
🤷🏽‍♀;4;6;6;6;4
🤷🏾‍♀️;5;7;7;7;5
🤷🏾‍♀;4;6;6;6;4
🤷🏿‍♀️;5;7;7;7;5
🤷🏿‍♀;4;6;6;6;4
🧑‍⚕️;4;5;5;5;4
🧑‍⚕;3;4;4;4;3
🧑🏻‍⚕️;5;7;7;7;5
🧑🏻‍⚕;4;6;6;6;4
🧑🏼‍⚕️;5;7;7;7;5
🧑🏼‍⚕;4;6;6;6;4
🧑🏽‍⚕️;5;7;7;7;5
🧑🏽‍⚕;4;6;6;6;4
🧑🏾‍⚕️;5;7;7;7;5
🧑🏾‍⚕;4;6;6;6;4
🧑🏿‍⚕️;5;7;7;7;5
🧑🏿‍⚕;4;6;6;6;4
👨‍⚕️;4;5;5;5;4
👨‍⚕;3;4;4;4;3
👨🏻‍⚕️;5;7;7;7;5
👨🏻‍⚕;4;6;6;6;4
👨🏼‍⚕️;5;7;7;7;5
👨🏼‍⚕;4;6;6;6;4
👨🏽‍⚕️;5;7;7;7;5
👨🏽‍⚕;4;6;6;6;4
👨🏾‍⚕️;5;7;7;7;5
👨🏾‍⚕;4;6;6;6;4
👨🏿‍⚕️;5;7;7;7;5
👨🏿‍⚕;4;6;6;6;4
👩‍⚕️;4;5;5;5;4
👩‍⚕;3;4;4;4;3
👩🏻‍⚕️;5;7;7;7;5
👩🏻‍⚕;4;6;6;6;4
👩🏼‍⚕️;5;7;7;7;5
👩🏼‍⚕;4;6;6;6;4
👩🏽‍⚕️;5;7;7;7;5
👩🏽‍⚕;4;6;6;6;4
👩🏾‍⚕️;5;7;7;7;5
👩🏾‍⚕;4;6;6;6;4
👩🏿‍⚕️;5;7;7;7;5
👩🏿‍⚕;4;6;6;6;4
🧑‍🎓;3;5;5;5;3
🧑🏻‍🎓;4;7;7;7;4
🧑🏼‍🎓;4;7;7;7;4
🧑🏽‍🎓;4;7;7;7;4
🧑🏾‍🎓;4;7;7;7;4
🧑🏿‍🎓;4;7;7;7;4
👨‍🎓;3;5;5;5;3
👨🏻‍🎓;4;7;7;7;4
👨🏼‍🎓;4;7;7;7;4
👨🏽‍🎓;4;7;7;7;4
👨🏾‍🎓;4;7;7;7;4
👨🏿‍🎓;4;7;7;7;4
👩‍🎓;3;5;5;5;3
👩🏻‍🎓;4;7;7;7;4
👩🏼‍🎓;4;7;7;7;4
👩🏽‍🎓;4;7;7;7;4
👩🏾‍🎓;4;7;7;7;4
👩🏿‍🎓;4;7;7;7;4
🧑‍🏫;3;5;5;5;3
🧑🏻‍🏫;4;7;7;7;4
🧑🏼‍🏫;4;7;7;7;4
🧑🏽‍🏫;4;7;7;7;4
🧑🏾‍🏫;4;7;7;7;4
🧑🏿‍🏫;4;7;7;7;4
👨‍🏫;3;5;5;5;3
👨🏻‍🏫;4;7;7;7;4
👨🏼‍🏫;4;7;7;7;4
👨🏽‍🏫;4;7;7;7;4
👨🏾‍🏫;4;7;7;7;4
👨🏿‍🏫;4;7;7;7;4
👩‍🏫;3;5;5;5;3
👩🏻‍🏫;4;7;7;7;4
👩🏼‍🏫;4;7;7;7;4
👩🏽‍🏫;4;7;7;7;4
👩🏾‍🏫;4;7;7;7;4
👩🏿‍🏫;4;7;7;7;4
🧑‍⚖️;4;5;5;5;4
🧑‍⚖;3;4;4;4;3
🧑🏻‍⚖️;5;7;7;7;5
🧑🏻‍⚖;4;6;6;6;4
🧑🏼‍⚖️;5;7;7;7;5
🧑🏼‍⚖;4;6;6;6;4
🧑🏽‍⚖️;5;7;7;7;5
🧑🏽‍⚖;4;6;6;6;4
🧑🏾‍⚖️;5;7;7;7;5
🧑🏾‍⚖;4;6;6;6;4
🧑🏿‍⚖️;5;7;7;7;5
🧑🏿‍⚖;4;6;6;6;4
👨‍⚖️;4;5;5;5;4
👨‍⚖;3;4;4;4;3
👨🏻‍⚖️;5;7;7;7;5
👨🏻‍⚖;4;6;6;6;4
👨🏼‍⚖️;5;7;7;7;5
👨🏼‍⚖;4;6;6;6;4
👨🏽‍⚖️;5;7;7;7;5
👨🏽‍⚖;4;6;6;6;4
👨🏾‍⚖️;5;7;7;7;5
👨🏾‍⚖;4;6;6;6;4
👨🏿‍⚖️;5;7;7;7;5
👨🏿‍⚖;4;6;6;6;4
👩‍⚖️;4;5;5;5;4
👩‍⚖;3;4;4;4;3
👩🏻‍⚖️;5;7;7;7;5
👩🏻‍⚖;4;6;6;6;4
👩🏼‍⚖️;5;7;7;7;5
👩🏼‍⚖;4;6;6;6;4
👩🏽‍⚖️;5;7;7;7;5
👩🏽‍⚖;4;6;6;6;4
👩🏾‍⚖️;5;7;7;7;5
👩🏾‍⚖;4;6;6;6;4
👩🏿‍⚖️;5;7;7;7;5
👩🏿‍⚖;4;6;6;6;4
🧑‍🌾;3;5;5;5;3
🧑🏻‍🌾;4;7;7;7;4
🧑🏼‍🌾;4;7;7;7;4
🧑🏽‍🌾;4;7;7;7;4
🧑🏾‍🌾;4;7;7;7;4
🧑🏿‍🌾;4;7;7;7;4
👨‍🌾;3;5;5;5;3
👨🏻‍🌾;4;7;7;7;4
👨🏼‍🌾;4;7;7;7;4
👨🏽‍🌾;4;7;7;7;4
👨🏾‍🌾;4;7;7;7;4
👨🏿‍🌾;4;7;7;7;4
👩‍🌾;3;5;5;5;3
👩🏻‍🌾;4;7;7;7;4
👩🏼‍🌾;4;7;7;7;4
👩🏽‍🌾;4;7;7;7;4
👩🏾‍🌾;4;7;7;7;4
👩🏿‍🌾;4;7;7;7;4
🧑‍🍳;3;5;5;5;3
🧑🏻‍🍳;4;7;7;7;4
🧑🏼‍🍳;4;7;7;7;4
🧑🏽‍🍳;4;7;7;7;4
🧑🏾‍🍳;4;7;7;7;4
🧑🏿‍🍳;4;7;7;7;4
👨‍🍳;3;5;5;5;3
👨🏻‍🍳;4;7;7;7;4
👨🏼‍🍳;4;7;7;7;4
👨🏽‍🍳;4;7;7;7;4
👨🏾‍🍳;4;7;7;7;4
👨🏿‍🍳;4;7;7;7;4
👩‍🍳;3;5;5;5;3
👩🏻‍🍳;4;7;7;7;4
👩🏼‍🍳;4;7;7;7;4
👩🏽‍🍳;4;7;7;7;4
👩🏾‍🍳;4;7;7;7;4
👩🏿‍🍳;4;7;7;7;4
🧑‍🔧;3;5;5;5;3
🧑🏻‍🔧;4;7;7;7;4
🧑🏼‍🔧;4;7;7;7;4
🧑🏽‍🔧;4;7;7;7;4
🧑🏾‍🔧;4;7;7;7;4
🧑🏿‍🔧;4;7;7;7;4
👨‍🔧;3;5;5;5;3
👨🏻‍🔧;4;7;7;7;4
👨🏼‍🔧;4;7;7;7;4
👨🏽‍🔧;4;7;7;7;4
👨🏾‍🔧;4;7;7;7;4
👨🏿‍🔧;4;7;7;7;4
👩‍🔧;3;5;5;5;3
👩🏻‍🔧;4;7;7;7;4
👩🏼‍🔧;4;7;7;7;4
👩🏽‍🔧;4;7;7;7;4
👩🏾‍🔧;4;7;7;7;4
👩🏿‍🔧;4;7;7;7;4
🧑‍🏭;3;5;5;5;3
🧑🏻‍🏭;4;7;7;7;4
🧑🏼‍🏭;4;7;7;7;4
🧑🏽‍🏭;4;7;7;7;4
🧑🏾‍🏭;4;7;7;7;4
🧑🏿‍🏭;4;7;7;7;4
👨‍🏭;3;5;5;5;3
👨🏻‍🏭;4;7;7;7;4
👨🏼‍🏭;4;7;7;7;4
👨🏽‍🏭;4;7;7;7;4
👨🏾‍🏭;4;7;7;7;4
👨🏿‍🏭;4;7;7;7;4
👩‍🏭;3;5;5;5;3
👩🏻‍🏭;4;7;7;7;4
👩🏼‍🏭;4;7;7;7;4
👩🏽‍🏭;4;7;7;7;4
👩🏾‍🏭;4;7;7;7;4
👩🏿‍🏭;4;7;7;7;4
🧑‍💼;3;5;5;5;3
🧑🏻‍💼;4;7;7;7;4
🧑🏼‍💼;4;7;7;7;4
🧑🏽‍💼;4;7;7;7;4
🧑🏾‍💼;4;7;7;7;4
🧑🏿‍💼;4;7;7;7;4
👨‍💼;3;5;5;5;3
👨🏻‍💼;4;7;7;7;4
👨🏼‍💼;4;7;7;7;4
👨🏽‍💼;4;7;7;7;4
👨🏾‍💼;4;7;7;7;4
👨🏿‍💼;4;7;7;7;4
👩‍💼;3;5;5;5;3
👩🏻‍💼;4;7;7;7;4
👩🏼‍💼;4;7;7;7;4
👩🏽‍💼;4;7;7;7;4
👩🏾‍💼;4;7;7;7;4
👩🏿‍💼;4;7;7;7;4
🧑‍🔬;3;5;5;5;3
🧑🏻‍🔬;4;7;7;7;4
🧑🏼‍🔬;4;7;7;7;4
🧑🏽‍🔬;4;7;7;7;4
🧑🏾‍🔬;4;7;7;7;4
🧑🏿‍🔬;4;7;7;7;4
👨‍🔬;3;5;5;5;3
👨🏻‍🔬;4;7;7;7;4
👨🏼‍🔬;4;7;7;7;4
👨🏽‍🔬;4;7;7;7;4
👨🏾‍🔬;4;7;7;7;4
👨🏿‍🔬;4;7;7;7;4
👩‍🔬;3;5;5;5;3
👩🏻‍🔬;4;7;7;7;4
👩🏼‍🔬;4;7;7;7;4
👩🏽‍🔬;4;7;7;7;4
👩🏾‍🔬;4;7;7;7;4
👩🏿‍🔬;4;7;7;7;4
🧑‍💻;3;5;5;5;3
🧑🏻‍💻;4;7;7;7;4
🧑🏼‍💻;4;7;7;7;4
🧑🏽‍💻;4;7;7;7;4
🧑🏾‍💻;4;7;7;7;4
🧑🏿‍💻;4;7;7;7;4
👨‍💻;3;5;5;5;3
👨🏻‍💻;4;7;7;7;4
👨🏼‍💻;4;7;7;7;4
👨🏽‍💻;4;7;7;7;4
👨🏾‍💻;4;7;7;7;4
👨🏿‍💻;4;7;7;7;4
👩‍💻;3;5;5;5;3
👩🏻‍💻;4;7;7;7;4
👩🏼‍💻;4;7;7;7;4
👩🏽‍💻;4;7;7;7;4
👩🏾‍💻;4;7;7;7;4
👩🏿‍💻;4;7;7;7;4
🧑‍🎤;3;5;5;5;3
🧑🏻‍🎤;4;7;7;7;4
🧑🏼‍🎤;4;7;7;7;4
🧑🏽‍🎤;4;7;7;7;4
🧑🏾‍🎤;4;7;7;7;4
🧑🏿‍🎤;4;7;7;7;4
👨‍🎤;3;5;5;5;3
👨🏻‍🎤;4;7;7;7;4
👨🏼‍🎤;4;7;7;7;4
👨🏽‍🎤;4;7;7;7;4
👨🏾‍🎤;4;7;7;7;4
👨🏿‍🎤;4;7;7;7;4
👩‍🎤;3;5;5;5;3
👩🏻‍🎤;4;7;7;7;4
👩🏼‍🎤;4;7;7;7;4
👩🏽‍🎤;4;7;7;7;4
👩🏾‍🎤;4;7;7;7;4
👩🏿‍🎤;4;7;7;7;4
🧑‍🎨;3;5;5;5;3
🧑🏻‍🎨;4;7;7;7;4
🧑🏼‍🎨;4;7;7;7;4
🧑🏽‍🎨;4;7;7;7;4
🧑🏾‍🎨;4;7;7;7;4
🧑🏿‍🎨;4;7;7;7;4
👨‍🎨;3;5;5;5;3
👨🏻‍🎨;4;7;7;7;4
👨🏼‍🎨;4;7;7;7;4
👨🏽‍🎨;4;7;7;7;4
👨🏾‍🎨;4;7;7;7;4
👨🏿‍🎨;4;7;7;7;4
👩‍🎨;3;5;5;5;3
👩🏻‍🎨;4;7;7;7;4
👩🏼‍🎨;4;7;7;7;4
👩🏽‍🎨;4;7;7;7;4
👩🏾‍🎨;4;7;7;7;4
👩🏿‍🎨;4;7;7;7;4
🧑‍✈️;4;5;5;5;4
🧑‍✈;3;4;4;4;3
🧑🏻‍✈️;5;7;7;7;5
🧑🏻‍✈;4;6;6;6;4
🧑🏼‍✈️;5;7;7;7;5
🧑🏼‍✈;4;6;6;6;4
🧑🏽‍✈️;5;7;7;7;5
🧑🏽‍✈;4;6;6;6;4
🧑🏾‍✈️;5;7;7;7;5
🧑🏾‍✈;4;6;6;6;4
🧑🏿‍✈️;5;7;7;7;5
🧑🏿‍✈;4;6;6;6;4
👨‍✈️;4;5;5;5;4
👨‍✈;3;4;4;4;3
👨🏻‍✈️;5;7;7;7;5
👨🏻‍✈;4;6;6;6;4
👨🏼‍✈️;5;7;7;7;5
👨🏼‍✈;4;6;6;6;4
👨🏽‍✈️;5;7;7;7;5
👨🏽‍✈;4;6;6;6;4
👨🏾‍✈️;5;7;7;7;5
👨🏾‍✈;4;6;6;6;4
👨🏿‍✈️;5;7;7;7;5
👨🏿‍✈;4;6;6;6;4
👩‍✈️;4;5;5;5;4
👩‍✈;3;4;4;4;3
👩🏻‍✈️;5;7;7;7;5
👩🏻‍✈;4;6;6;6;4
👩🏼‍✈️;5;7;7;7;5
👩🏼‍✈;4;6;6;6;4
👩🏽‍✈️;5;7;7;7;5
👩🏽‍✈;4;6;6;6;4
👩🏾‍✈️;5;7;7;7;5
👩🏾‍✈;4;6;6;6;4
👩🏿‍✈️;5;7;7;7;5
👩🏿‍✈;4;6;6;6;4
🧑‍🚀;3;5;5;5;3
🧑🏻‍🚀;4;7;7;7;4
🧑🏼‍🚀;4;7;7;7;4
🧑🏽‍🚀;4;7;7;7;4
🧑🏾‍🚀;4;7;7;7;4
🧑🏿‍🚀;4;7;7;7;4
👨‍🚀;3;5;5;5;3
👨🏻‍🚀;4;7;7;7;4
👨🏼‍🚀;4;7;7;7;4
👨🏽‍🚀;4;7;7;7;4
👨🏾‍🚀;4;7;7;7;4
👨🏿‍🚀;4;7;7;7;4
👩‍🚀;3;5;5;5;3
👩🏻‍🚀;4;7;7;7;4
👩🏼‍🚀;4;7;7;7;4
👩🏽‍🚀;4;7;7;7;4
👩🏾‍🚀;4;7;7;7;4
👩🏿‍🚀;4;7;7;7;4
🧑‍🚒;3;5;5;5;3
🧑🏻‍🚒;4;7;7;7;4
🧑🏼‍🚒;4;7;7;7;4
🧑🏽‍🚒;4;7;7;7;4
🧑🏾‍🚒;4;7;7;7;4
🧑🏿‍🚒;4;7;7;7;4
👨‍🚒;3;5;5;5;3
👨🏻‍🚒;4;7;7;7;4
👨🏼‍🚒;4;7;7;7;4
👨🏽‍🚒;4;7;7;7;4
👨🏾‍🚒;4;7;7;7;4
👨🏿‍🚒;4;7;7;7;4
👩‍🚒;3;5;5;5;3
👩🏻‍🚒;4;7;7;7;4
👩🏼‍🚒;4;7;7;7;4
👩🏽‍🚒;4;7;7;7;4
👩🏾‍🚒;4;7;7;7;4
👩🏿‍🚒;4;7;7;7;4
👮‍♂️;4;5;5;5;4
👮‍♂;3;4;4;4;3
👮🏻‍♂️;5;7;7;7;5
👮🏻‍♂;4;6;6;6;4
👮🏼‍♂️;5;7;7;7;5
👮🏼‍♂;4;6;6;6;4
👮🏽‍♂️;5;7;7;7;5
👮🏽‍♂;4;6;6;6;4
👮🏾‍♂️;5;7;7;7;5
👮🏾‍♂;4;6;6;6;4
👮🏿‍♂️;5;7;7;7;5
👮🏿‍♂;4;6;6;6;4
👮‍♀️;4;5;5;5;4
👮🏻‍♀️;5;7;7;7;5
👮🏼‍♀️;5;7;7;7;5
👮🏽‍♀️;5;7;7;7;5
👮🏾‍♀️;5;7;7;7;5
👮🏿‍♀️;5;7;7;7;5
🕵️;2;3;3;3;2
🕵️‍♂️;5;6;6;6;5
🕵‍♂️;4;5;5;5;4
🕵️‍♂;4;5;5;5;4
🕵‍♂;3;4;4;4;3
🕵🏻‍♂️;5;7;7;7;5
🕵🏻‍♂;4;6;6;6;4
🕵🏼‍♂️;5;7;7;7;5
🕵🏼‍♂;4;6;6;6;4
🕵🏽‍♂️;5;7;7;7;5
🕵🏽‍♂;4;6;6;6;4
🕵🏾‍♂️;5;7;7;7;5
🕵🏾‍♂;4;6;6;6;4
🕵🏿‍♂️;5;7;7;7;5
🕵🏿‍♂;4;6;6;6;4
🕵️‍♀️;5;6;6;6;5
🕵‍♀️;4;5;5;5;4
🕵️‍♀;4;5;5;5;4
🕵🏻‍♀️;5;7;7;7;5
🕵🏼‍♀️;5;7;7;7;5
🕵🏽‍♀️;5;7;7;7;5
🕵🏾‍♀️;5;7;7;7;5
🕵🏿‍♀️;5;7;7;7;5
💂‍♂️;4;5;5;5;4
💂‍♂;3;4;4;4;3
💂🏻‍♂️;5;7;7;7;5
💂🏻‍♂;4;6;6;6;4
💂🏼‍♂️;5;7;7;7;5
💂🏼‍♂;4;6;6;6;4
💂🏽‍♂️;5;7;7;7;5
💂🏽‍♂;4;6;6;6;4
💂🏾‍♂️;5;7;7;7;5
💂🏾‍♂;4;6;6;6;4
💂🏿‍♂️;5;7;7;7;5
💂🏿‍♂;4;6;6;6;4
💂‍♀️;4;5;5;5;4
💂🏻‍♀️;5;7;7;7;5
💂🏼‍♀️;5;7;7;7;5
💂🏽‍♀️;5;7;7;7;5
💂🏾‍♀️;5;7;7;7;5
💂🏿‍♀️;5;7;7;7;5
👷‍♂️;4;5;5;5;4
👷‍♂;3;4;4;4;3
👷🏻‍♂️;5;7;7;7;5
👷🏻‍♂;4;6;6;6;4
👷🏼‍♂️;5;7;7;7;5
👷🏼‍♂;4;6;6;6;4
👷🏽‍♂️;5;7;7;7;5
👷🏽‍♂;4;6;6;6;4
👷🏾‍♂️;5;7;7;7;5
👷🏾‍♂;4;6;6;6;4
👷🏿‍♂️;5;7;7;7;5
👷🏿‍♂;4;6;6;6;4
👷‍♀️;4;5;5;5;4
👷🏻‍♀️;5;7;7;7;5
👷🏼‍♀️;5;7;7;7;5
👷🏽‍♀️;5;7;7;7;5
👷🏾‍♀️;5;7;7;7;5
👷🏿‍♀️;5;7;7;7;5
🤴;1;2;2;2;1
🤴🏻;2;4;4;4;2
🤴🏼;2;4;4;4;2
🤴🏽;2;4;4;4;2
🤴🏾;2;4;4;4;2
🤴🏿;2;4;4;4;2
👳‍♂️;4;5;5;5;4
👳‍♂;3;4;4;4;3
👳🏻‍♂️;5;7;7;7;5
👳🏻‍♂;4;6;6;6;4
👳🏼‍♂️;5;7;7;7;5
👳🏼‍♂;4;6;6;6;4
👳🏽‍♂️;5;7;7;7;5
👳🏽‍♂;4;6;6;6;4
👳🏾‍♂️;5;7;7;7;5
👳🏾‍♂;4;6;6;6;4
👳🏿‍♂️;5;7;7;7;5
👳🏿‍♂;4;6;6;6;4
👳‍♀️;4;5;5;5;4
👳🏻‍♀️;5;7;7;7;5
👳🏼‍♀️;5;7;7;7;5
👳🏽‍♀️;5;7;7;7;5
👳🏾‍♀️;5;7;7;7;5
👳🏿‍♀️;5;7;7;7;5
🧕;1;2;2;2;1
🧕🏻;2;4;4;4;2
🧕🏼;2;4;4;4;2
🧕🏽;2;4;4;4;2
🧕🏾;2;4;4;4;2
🧕🏿;2;4;4;4;2
🤵;1;2;2;2;1
🤵🏻;2;4;4;4;2
🤵🏼;2;4;4;4;2
🤵🏽;2;4;4;4;2
🤵🏾;2;4;4;4;2
🤵🏿;2;4;4;4;2
🤰;1;2;2;2;1
🤰🏻;2;4;4;4;2
🤰🏼;2;4;4;4;2
🤰🏽;2;4;4;4;2
🤰🏾;2;4;4;4;2
🤰🏿;2;4;4;4;2
🤱;1;2;2;2;1
🤱🏻;2;4;4;4;2
🤱🏼;2;4;4;4;2
🤱🏽;2;4;4;4;2
🤱🏾;2;4;4;4;2
🤱🏿;2;4;4;4;2
🤶;1;2;2;2;1
🤶🏻;2;4;4;4;2
🤶🏼;2;4;4;4;2
🤶🏽;2;4;4;4;2
🤶🏾;2;4;4;4;2
🤶🏿;2;4;4;4;2
🦸;1;2;2;2;1
🦸🏻;2;4;4;4;2
🦸🏼;2;4;4;4;2
🦸🏽;2;4;4;4;2
🦸🏾;2;4;4;4;2
🦸🏿;2;4;4;4;2
🦸‍♂️;4;5;5;5;4
🦸‍♂;3;4;4;4;3
🦸🏻‍♂️;5;7;7;7;5
🦸🏻‍♂;4;6;6;6;4
🦸🏼‍♂️;5;7;7;7;5
🦸🏼‍♂;4;6;6;6;4
🦸🏽‍♂️;5;7;7;7;5
🦸🏽‍♂;4;6;6;6;4
🦸🏾‍♂️;5;7;7;7;5
🦸🏾‍♂;4;6;6;6;4
🦸🏿‍♂️;5;7;7;7;5
🦸🏿‍♂;4;6;6;6;4
🦸‍♀️;4;5;5;5;4
🦸‍♀;3;4;4;4;3
🦸🏻‍♀️;5;7;7;7;5
🦸🏻‍♀;4;6;6;6;4
🦸🏼‍♀️;5;7;7;7;5
🦸🏼‍♀;4;6;6;6;4
🦸🏽‍♀️;5;7;7;7;5
🦸🏽‍♀;4;6;6;6;4
🦸🏾‍♀️;5;7;7;7;5
🦸🏾‍♀;4;6;6;6;4
🦸🏿‍♀️;5;7;7;7;5
🦸🏿‍♀;4;6;6;6;4
🦹;1;2;2;2;1
🦹🏻;2;4;4;4;2
🦹🏼;2;4;4;4;2
🦹🏽;2;4;4;4;2
🦹🏾;2;4;4;4;2
🦹🏿;2;4;4;4;2
🦹‍♂️;4;5;5;5;4
🦹‍♂;3;4;4;4;3
🦹🏻‍♂️;5;7;7;7;5
🦹🏻‍♂;4;6;6;6;4
🦹🏼‍♂️;5;7;7;7;5
🦹🏼‍♂;4;6;6;6;4
🦹🏽‍♂️;5;7;7;7;5
🦹🏽‍♂;4;6;6;6;4
🦹🏾‍♂️;5;7;7;7;5
🦹🏾‍♂;4;6;6;6;4
🦹🏿‍♂️;5;7;7;7;5
🦹🏿‍♂;4;6;6;6;4
🦹‍♀️;4;5;5;5;4
🦹‍♀;3;4;4;4;3
🦹🏻‍♀️;5;7;7;7;5
🦹🏻‍♀;4;6;6;6;4
🦹🏼‍♀️;5;7;7;7;5
🦹🏼‍♀;4;6;6;6;4
🦹🏽‍♀️;5;7;7;7;5
🦹🏽‍♀;4;6;6;6;4
🦹🏾‍♀️;5;7;7;7;5
🦹🏾‍♀;4;6;6;6;4
🦹🏿‍♀️;5;7;7;7;5
🦹🏿‍♀;4;6;6;6;4
🧙;1;2;2;2;1
🧙🏻;2;4;4;4;2
🧙🏼;2;4;4;4;2
🧙🏽;2;4;4;4;2
🧙🏾;2;4;4;4;2
🧙🏿;2;4;4;4;2
🧙‍♂️;4;5;5;5;4
🧙‍♂;3;4;4;4;3
🧙🏻‍♂️;5;7;7;7;5
🧙🏻‍♂;4;6;6;6;4
🧙🏼‍♂️;5;7;7;7;5
🧙🏼‍♂;4;6;6;6;4
🧙🏽‍♂️;5;7;7;7;5
🧙🏽‍♂;4;6;6;6;4
🧙🏾‍♂️;5;7;7;7;5
🧙🏾‍♂;4;6;6;6;4
🧙🏿‍♂️;5;7;7;7;5
🧙🏿‍♂;4;6;6;6;4
🧙‍♀️;4;5;5;5;4
🧙‍♀;3;4;4;4;3
🧙🏻‍♀️;5;7;7;7;5
🧙🏻‍♀;4;6;6;6;4
🧙🏼‍♀️;5;7;7;7;5
🧙🏼‍♀;4;6;6;6;4
🧙🏽‍♀️;5;7;7;7;5
🧙🏽‍♀;4;6;6;6;4
🧙🏾‍♀️;5;7;7;7;5
🧙🏾‍♀;4;6;6;6;4
🧙🏿‍♀️;5;7;7;7;5
🧙🏿‍♀;4;6;6;6;4
🧚;1;2;2;2;1
🧚🏻;2;4;4;4;2
🧚🏼;2;4;4;4;2
🧚🏽;2;4;4;4;2
🧚🏾;2;4;4;4;2
🧚🏿;2;4;4;4;2
🧚‍♂️;4;5;5;5;4
🧚‍♂;3;4;4;4;3
🧚🏻‍♂️;5;7;7;7;5
🧚🏻‍♂;4;6;6;6;4
🧚🏼‍♂️;5;7;7;7;5
🧚🏼‍♂;4;6;6;6;4
🧚🏽‍♂️;5;7;7;7;5
🧚🏽‍♂;4;6;6;6;4
🧚🏾‍♂️;5;7;7;7;5
🧚🏾‍♂;4;6;6;6;4
🧚🏿‍♂️;5;7;7;7;5
🧚🏿‍♂;4;6;6;6;4
🧚‍♀️;4;5;5;5;4
🧚‍♀;3;4;4;4;3
🧚🏻‍♀️;5;7;7;7;5
🧚🏻‍♀;4;6;6;6;4
🧚🏼‍♀️;5;7;7;7;5
🧚🏼‍♀;4;6;6;6;4
🧚🏽‍♀️;5;7;7;7;5
🧚🏽‍♀;4;6;6;6;4
🧚🏾‍♀️;5;7;7;7;5
🧚🏾‍♀;4;6;6;6;4
🧚🏿‍♀️;5;7;7;7;5
🧚🏿‍♀;4;6;6;6;4
🧛;1;2;2;2;1
🧛🏻;2;4;4;4;2
🧛🏼;2;4;4;4;2
🧛🏽;2;4;4;4;2
🧛🏾;2;4;4;4;2
🧛🏿;2;4;4;4;2
🧛‍♂️;4;5;5;5;4
🧛‍♂;3;4;4;4;3
🧛🏻‍♂️;5;7;7;7;5
🧛🏻‍♂;4;6;6;6;4
🧛🏼‍♂️;5;7;7;7;5
🧛🏼‍♂;4;6;6;6;4
🧛🏽‍♂️;5;7;7;7;5
🧛🏽‍♂;4;6;6;6;4
🧛🏾‍♂️;5;7;7;7;5
🧛🏾‍♂;4;6;6;6;4
🧛🏿‍♂️;5;7;7;7;5
🧛🏿‍♂;4;6;6;6;4
🧛‍♀️;4;5;5;5;4
🧛‍♀;3;4;4;4;3
🧛🏻‍♀️;5;7;7;7;5
🧛🏻‍♀;4;6;6;6;4
🧛🏼‍♀️;5;7;7;7;5
🧛🏼‍♀;4;6;6;6;4
🧛🏽‍♀️;5;7;7;7;5
🧛🏽‍♀;4;6;6;6;4
🧛🏾‍♀️;5;7;7;7;5
🧛🏾‍♀;4;6;6;6;4
🧛🏿‍♀️;5;7;7;7;5
🧛🏿‍♀;4;6;6;6;4
🧜;1;2;2;2;1
🧜🏻;2;4;4;4;2
🧜🏼;2;4;4;4;2
🧜🏽;2;4;4;4;2
🧜🏾;2;4;4;4;2
🧜🏿;2;4;4;4;2
🧜‍♂️;4;5;5;5;4
🧜‍♂;3;4;4;4;3
🧜🏻‍♂️;5;7;7;7;5
🧜🏻‍♂;4;6;6;6;4
🧜🏼‍♂️;5;7;7;7;5
🧜🏼‍♂;4;6;6;6;4
🧜🏽‍♂️;5;7;7;7;5
🧜🏽‍♂;4;6;6;6;4
🧜🏾‍♂️;5;7;7;7;5
🧜🏾‍♂;4;6;6;6;4
🧜🏿‍♂️;5;7;7;7;5
🧜🏿‍♂;4;6;6;6;4
🧜‍♀️;4;5;5;5;4
🧜‍♀;3;4;4;4;3
🧜🏻‍♀️;5;7;7;7;5
🧜🏻‍♀;4;6;6;6;4
🧜🏼‍♀️;5;7;7;7;5
🧜🏼‍♀;4;6;6;6;4
🧜🏽‍♀️;5;7;7;7;5
🧜🏽‍♀;4;6;6;6;4
🧜🏾‍♀️;5;7;7;7;5
🧜🏾‍♀;4;6;6;6;4
🧜🏿‍♀️;5;7;7;7;5
🧜🏿‍♀;4;6;6;6;4
🧝;1;2;2;2;1
🧝🏻;2;4;4;4;2
🧝🏼;2;4;4;4;2
🧝🏽;2;4;4;4;2
🧝🏾;2;4;4;4;2
🧝🏿;2;4;4;4;2
🧝‍♂️;4;5;5;5;4
🧝‍♂;3;4;4;4;3
🧝🏻‍♂️;5;7;7;7;5
🧝🏻‍♂;4;6;6;6;4
🧝🏼‍♂️;5;7;7;7;5
🧝🏼‍♂;4;6;6;6;4
🧝🏽‍♂️;5;7;7;7;5
🧝🏽‍♂;4;6;6;6;4
🧝🏾‍♂️;5;7;7;7;5
🧝🏾‍♂;4;6;6;6;4
🧝🏿‍♂️;5;7;7;7;5
🧝🏿‍♂;4;6;6;6;4
🧝‍♀️;4;5;5;5;4
🧝‍♀;3;4;4;4;3
🧝🏻‍♀️;5;7;7;7;5
🧝🏻‍♀;4;6;6;6;4
🧝🏼‍♀️;5;7;7;7;5
🧝🏼‍♀;4;6;6;6;4
🧝🏽‍♀️;5;7;7;7;5
🧝🏽‍♀;4;6;6;6;4
🧝🏾‍♀️;5;7;7;7;5
🧝🏾‍♀;4;6;6;6;4
🧝🏿‍♀️;5;7;7;7;5
🧝🏿‍♀;4;6;6;6;4
🧞;1;2;2;2;1
🧞‍♂️;4;5;5;5;4
🧞‍♂;3;4;4;4;3
🧞‍♀️;4;5;5;5;4
🧞‍♀;3;4;4;4;3
🧟;1;2;2;2;1
🧟‍♂️;4;5;5;5;4
🧟‍♂;3;4;4;4;3
🧟‍♀️;4;5;5;5;4
🧟‍♀;3;4;4;4;3
💆‍♂️;4;5;5;5;4
💆🏻‍♂️;5;7;7;7;5
💆🏼‍♂️;5;7;7;7;5
💆🏽‍♂️;5;7;7;7;5
💆🏾‍♂️;5;7;7;7;5
💆🏿‍♂️;5;7;7;7;5
💆‍♀️;4;5;5;5;4
💆‍♀;3;4;4;4;3
💆🏻‍♀️;5;7;7;7;5
💆🏻‍♀;4;6;6;6;4
💆🏼‍♀️;5;7;7;7;5
💆🏼‍♀;4;6;6;6;4
💆🏽‍♀️;5;7;7;7;5
💆🏽‍♀;4;6;6;6;4
💆🏾‍♀️;5;7;7;7;5
💆🏾‍♀;4;6;6;6;4
💆🏿‍♀️;5;7;7;7;5
💆🏿‍♀;4;6;6;6;4
💇‍♂️;4;5;5;5;4
💇🏻‍♂️;5;7;7;7;5
💇🏼‍♂️;5;7;7;7;5
💇🏽‍♂️;5;7;7;7;5
💇🏾‍♂️;5;7;7;7;5
💇🏿‍♂️;5;7;7;7;5
💇‍♀️;4;5;5;5;4
💇‍♀;3;4;4;4;3
💇🏻‍♀️;5;7;7;7;5
💇🏻‍♀;4;6;6;6;4
💇🏼‍♀️;5;7;7;7;5
💇🏼‍♀;4;6;6;6;4
💇🏽‍♀️;5;7;7;7;5
💇🏽‍♀;4;6;6;6;4
💇🏾‍♀️;5;7;7;7;5
💇🏾‍♀;4;6;6;6;4
💇🏿‍♀️;5;7;7;7;5
💇🏿‍♀;4;6;6;6;4
🚶‍♂️;4;5;5;5;4
🚶‍♂;3;4;4;4;3
🚶🏻‍♂️;5;7;7;7;5
🚶🏻‍♂;4;6;6;6;4
🚶🏼‍♂️;5;7;7;7;5
🚶🏼‍♂;4;6;6;6;4
🚶🏽‍♂️;5;7;7;7;5
🚶🏽‍♂;4;6;6;6;4
🚶🏾‍♂️;5;7;7;7;5
🚶🏾‍♂;4;6;6;6;4
🚶🏿‍♂️;5;7;7;7;5
🚶🏿‍♂;4;6;6;6;4
🚶‍♀️;4;5;5;5;4
🚶🏻‍♀️;5;7;7;7;5
🚶🏼‍♀️;5;7;7;7;5
🚶🏽‍♀️;5;7;7;7;5
🚶🏾‍♀️;5;7;7;7;5
🚶🏿‍♀️;5;7;7;7;5
🧍;1;2;2;2;1
🧍🏻;2;4;4;4;2
🧍🏼;2;4;4;4;2
🧍🏽;2;4;4;4;2
🧍🏾;2;4;4;4;2
🧍🏿;2;4;4;4;2
🧍‍♂️;4;5;5;5;4
🧍‍♂;3;4;4;4;3
🧍🏻‍♂️;5;7;7;7;5
🧍🏻‍♂;4;6;6;6;4
🧍🏼‍♂️;5;7;7;7;5
🧍🏼‍♂;4;6;6;6;4
🧍🏽‍♂️;5;7;7;7;5
🧍🏽‍♂;4;6;6;6;4
🧍🏾‍♂️;5;7;7;7;5
🧍🏾‍♂;4;6;6;6;4
🧍🏿‍♂️;5;7;7;7;5
🧍🏿‍♂;4;6;6;6;4
🧍‍♀️;4;5;5;5;4
🧍‍♀;3;4;4;4;3
🧍🏻‍♀️;5;7;7;7;5
🧍🏻‍♀;4;6;6;6;4
🧍🏼‍♀️;5;7;7;7;5
🧍🏼‍♀;4;6;6;6;4
🧍🏽‍♀️;5;7;7;7;5
🧍🏽‍♀;4;6;6;6;4
🧍🏾‍♀️;5;7;7;7;5
🧍🏾‍♀;4;6;6;6;4
🧍🏿‍♀️;5;7;7;7;5
🧍🏿‍♀;4;6;6;6;4
🧎;1;2;2;2;1
🧎🏻;2;4;4;4;2
🧎🏼;2;4;4;4;2
🧎🏽;2;4;4;4;2
🧎🏾;2;4;4;4;2
🧎🏿;2;4;4;4;2
🧎‍♂️;4;5;5;5;4
🧎‍♂;3;4;4;4;3
🧎🏻‍♂️;5;7;7;7;5
🧎🏻‍♂;4;6;6;6;4
🧎🏼‍♂️;5;7;7;7;5
🧎🏼‍♂;4;6;6;6;4
🧎🏽‍♂️;5;7;7;7;5
🧎🏽‍♂;4;6;6;6;4
🧎🏾‍♂️;5;7;7;7;5
🧎🏾‍♂;4;6;6;6;4
🧎🏿‍♂️;5;7;7;7;5
🧎🏿‍♂;4;6;6;6;4
🧎‍♀️;4;5;5;5;4
🧎‍♀;3;4;4;4;3
🧎🏻‍♀️;5;7;7;7;5
🧎🏻‍♀;4;6;6;6;4
🧎🏼‍♀️;5;7;7;7;5
🧎🏼‍♀;4;6;6;6;4
🧎🏽‍♀️;5;7;7;7;5
🧎🏽‍♀;4;6;6;6;4
🧎🏾‍♀️;5;7;7;7;5
🧎🏾‍♀;4;6;6;6;4
🧎🏿‍♀️;5;7;7;7;5
🧎🏿‍♀;4;6;6;6;4
🧑‍🦯;3;5;5;5;3
🧑🏻‍🦯;4;7;7;7;4
🧑🏼‍🦯;4;7;7;7;4
🧑🏽‍🦯;4;7;7;7;4
🧑🏾‍🦯;4;7;7;7;4
🧑🏿‍🦯;4;7;7;7;4
👨‍🦯;3;5;5;5;3
👨🏻‍🦯;4;7;7;7;4
👨🏼‍🦯;4;7;7;7;4
👨🏽‍🦯;4;7;7;7;4
👨🏾‍🦯;4;7;7;7;4
👨🏿‍🦯;4;7;7;7;4
👩‍🦯;3;5;5;5;3
👩🏻‍🦯;4;7;7;7;4
👩🏼‍🦯;4;7;7;7;4
👩🏽‍🦯;4;7;7;7;4
👩🏾‍🦯;4;7;7;7;4
👩🏿‍🦯;4;7;7;7;4
🧑‍🦼;3;5;5;5;3
🧑🏻‍🦼;4;7;7;7;4
🧑🏼‍🦼;4;7;7;7;4
🧑🏽‍🦼;4;7;7;7;4
🧑🏾‍🦼;4;7;7;7;4
🧑🏿‍🦼;4;7;7;7;4
👨‍🦼;3;5;5;5;3
👨🏻‍🦼;4;7;7;7;4
👨🏼‍🦼;4;7;7;7;4
👨🏽‍🦼;4;7;7;7;4
👨🏾‍🦼;4;7;7;7;4
👨🏿‍🦼;4;7;7;7;4
👩‍🦼;3;5;5;5;3
👩🏻‍🦼;4;7;7;7;4
👩🏼‍🦼;4;7;7;7;4
👩🏽‍🦼;4;7;7;7;4
👩🏾‍🦼;4;7;7;7;4
👩🏿‍🦼;4;7;7;7;4
🧑‍🦽;3;5;5;5;3
🧑🏻‍🦽;4;7;7;7;4
🧑🏼‍🦽;4;7;7;7;4
🧑🏽‍🦽;4;7;7;7;4
🧑🏾‍🦽;4;7;7;7;4
🧑🏿‍🦽;4;7;7;7;4
👨‍🦽;3;5;5;5;3
👨🏻‍🦽;4;7;7;7;4
👨🏼‍🦽;4;7;7;7;4
👨🏽‍🦽;4;7;7;7;4
👨🏾‍🦽;4;7;7;7;4
👨🏿‍🦽;4;7;7;7;4
👩‍🦽;3;5;5;5;3
👩🏻‍🦽;4;7;7;7;4
👩🏼‍🦽;4;7;7;7;4
👩🏽‍🦽;4;7;7;7;4
👩🏾‍🦽;4;7;7;7;4
👩🏿‍🦽;4;7;7;7;4
🏃‍♂️;4;5;5;5;4
🏃‍♂;3;4;4;4;3
🏃🏻‍♂️;5;7;7;7;5
🏃🏻‍♂;4;6;6;6;4
🏃🏼‍♂️;5;7;7;7;5
🏃🏼‍♂;4;6;6;6;4
🏃🏽‍♂️;5;7;7;7;5
🏃🏽‍♂;4;6;6;6;4
🏃🏾‍♂️;5;7;7;7;5
🏃🏾‍♂;4;6;6;6;4
🏃🏿‍♂️;5;7;7;7;5
🏃🏿‍♂;4;6;6;6;4
🏃‍♀️;4;5;5;5;4
🏃🏻‍♀️;5;7;7;7;5
🏃🏼‍♀️;5;7;7;7;5
🏃🏽‍♀️;5;7;7;7;5
🏃🏾‍♀️;5;7;7;7;5
🏃🏿‍♀️;5;7;7;7;5
🕺;1;2;2;2;1
🕺🏻;2;4;4;4;2
🕺🏼;2;4;4;4;2
🕺🏽;2;4;4;4;2
🕺🏾;2;4;4;4;2
🕺🏿;2;4;4;4;2
🕴️;2;3;3;3;2
🕴🏻;2;4;4;4;2
🕴🏼;2;4;4;4;2
🕴🏽;2;4;4;4;2
🕴🏾;2;4;4;4;2
🕴🏿;2;4;4;4;2
👯‍♂️;4;5;5;5;4
👯‍♀️;4;5;5;5;4
👯‍♀;3;4;4;4;3
🧖;1;2;2;2;1
🧖🏻;2;4;4;4;2
🧖🏼;2;4;4;4;2
🧖🏽;2;4;4;4;2
🧖🏾;2;4;4;4;2
🧖🏿;2;4;4;4;2
🧖‍♂️;4;5;5;5;4
🧖‍♂;3;4;4;4;3
🧖🏻‍♂️;5;7;7;7;5
🧖🏻‍♂;4;6;6;6;4
🧖🏼‍♂️;5;7;7;7;5
🧖🏼‍♂;4;6;6;6;4
🧖🏽‍♂️;5;7;7;7;5
🧖🏽‍♂;4;6;6;6;4
🧖🏾‍♂️;5;7;7;7;5
🧖🏾‍♂;4;6;6;6;4
🧖🏿‍♂️;5;7;7;7;5
🧖🏿‍♂;4;6;6;6;4
🧖‍♀️;4;5;5;5;4
🧖‍♀;3;4;4;4;3
🧖🏻‍♀️;5;7;7;7;5
🧖🏻‍♀;4;6;6;6;4
🧖🏼‍♀️;5;7;7;7;5
🧖🏼‍♀;4;6;6;6;4
🧖🏽‍♀️;5;7;7;7;5
🧖🏽‍♀;4;6;6;6;4
🧖🏾‍♀️;5;7;7;7;5
🧖🏾‍♀;4;6;6;6;4
🧖🏿‍♀️;5;7;7;7;5
🧖🏿‍♀;4;6;6;6;4
🧗;1;2;2;2;1
🧗🏻;2;4;4;4;2
🧗🏼;2;4;4;4;2
🧗🏽;2;4;4;4;2
🧗🏾;2;4;4;4;2
🧗🏿;2;4;4;4;2
🧗‍♂️;4;5;5;5;4
🧗‍♂;3;4;4;4;3
🧗🏻‍♂️;5;7;7;7;5
🧗🏻‍♂;4;6;6;6;4
🧗🏼‍♂️;5;7;7;7;5
🧗🏼‍♂;4;6;6;6;4
🧗🏽‍♂️;5;7;7;7;5
🧗🏽‍♂;4;6;6;6;4
🧗🏾‍♂️;5;7;7;7;5
🧗🏾‍♂;4;6;6;6;4
🧗🏿‍♂️;5;7;7;7;5
🧗🏿‍♂;4;6;6;6;4
🧗‍♀️;4;5;5;5;4
🧗‍♀;3;4;4;4;3
🧗🏻‍♀️;5;7;7;7;5
🧗🏻‍♀;4;6;6;6;4
🧗🏼‍♀️;5;7;7;7;5
🧗🏼‍♀;4;6;6;6;4
🧗🏽‍♀️;5;7;7;7;5
🧗🏽‍♀;4;6;6;6;4
🧗🏾‍♀️;5;7;7;7;5
🧗🏾‍♀;4;6;6;6;4
🧗🏿‍♀️;5;7;7;7;5
🧗🏿‍♀;4;6;6;6;4
🤺;1;2;2;2;1
🏇🏻;2;4;4;4;2
🏇🏼;2;4;4;4;2
🏇🏽;2;4;4;4;2
🏇🏾;2;4;4;4;2
🏇🏿;2;4;4;4;2
⛷️;2;2;2;2;2
🏂🏻;2;4;4;4;2
🏂🏼;2;4;4;4;2
🏂🏽;2;4;4;4;2
🏂🏾;2;4;4;4;2
🏂🏿;2;4;4;4;2
🏌️;2;3;3;3;2
🏌🏻;2;4;4;4;2
🏌🏼;2;4;4;4;2
🏌🏽;2;4;4;4;2
🏌🏾;2;4;4;4;2
🏌🏿;2;4;4;4;2
🏌️‍♂️;5;6;6;6;5
🏌‍♂️;4;5;5;5;4
🏌️‍♂;4;5;5;5;4
🏌‍♂;3;4;4;4;3
🏌🏻‍♂️;5;7;7;7;5
🏌🏻‍♂;4;6;6;6;4
🏌🏼‍♂️;5;7;7;7;5
🏌🏼‍♂;4;6;6;6;4
🏌🏽‍♂️;5;7;7;7;5
🏌🏽‍♂;4;6;6;6;4
🏌🏾‍♂️;5;7;7;7;5
🏌🏾‍♂;4;6;6;6;4
🏌🏿‍♂️;5;7;7;7;5
🏌🏿‍♂;4;6;6;6;4
🏌️‍♀️;5;6;6;6;5
🏌‍♀️;4;5;5;5;4
🏌️‍♀;4;5;5;5;4
🏌🏻‍♀️;5;7;7;7;5
🏌🏻‍♀;4;6;6;6;4
🏌🏼‍♀️;5;7;7;7;5
🏌🏼‍♀;4;6;6;6;4
🏌🏽‍♀️;5;7;7;7;5
🏌🏽‍♀;4;6;6;6;4
🏌🏾‍♀️;5;7;7;7;5
🏌🏾‍♀;4;6;6;6;4
🏌🏿‍♀️;5;7;7;7;5
🏌🏿‍♀;4;6;6;6;4
🏄‍♂️;4;5;5;5;4
🏄‍♂;3;4;4;4;3
🏄🏻‍♂️;5;7;7;7;5
🏄🏻‍♂;4;6;6;6;4
🏄🏼‍♂️;5;7;7;7;5
🏄🏼‍♂;4;6;6;6;4
🏄🏽‍♂️;5;7;7;7;5
🏄🏽‍♂;4;6;6;6;4
🏄🏾‍♂️;5;7;7;7;5
🏄🏾‍♂;4;6;6;6;4
🏄🏿‍♂️;5;7;7;7;5
🏄🏿‍♂;4;6;6;6;4
🏄‍♀️;4;5;5;5;4
🏄🏻‍♀️;5;7;7;7;5
🏄🏼‍♀️;5;7;7;7;5
🏄🏽‍♀️;5;7;7;7;5
🏄🏾‍♀️;5;7;7;7;5
🏄🏿‍♀️;5;7;7;7;5
🚣‍♂️;4;5;5;5;4
🚣‍♂;3;4;4;4;3
🚣🏻‍♂️;5;7;7;7;5
🚣🏻‍♂;4;6;6;6;4
🚣🏼‍♂️;5;7;7;7;5
🚣🏼‍♂;4;6;6;6;4
🚣🏽‍♂️;5;7;7;7;5
🚣🏽‍♂;4;6;6;6;4
🚣🏾‍♂️;5;7;7;7;5
🚣🏾‍♂;4;6;6;6;4
🚣🏿‍♂️;5;7;7;7;5
🚣🏿‍♂;4;6;6;6;4
🚣‍♀️;4;5;5;5;4
🚣🏻‍♀️;5;7;7;7;5
🚣🏼‍♀️;5;7;7;7;5
🚣🏽‍♀️;5;7;7;7;5
🚣🏾‍♀️;5;7;7;7;5
🚣🏿‍♀️;5;7;7;7;5
🏊‍♂️;4;5;5;5;4
🏊‍♂;3;4;4;4;3
🏊🏻‍♂️;5;7;7;7;5
🏊🏻‍♂;4;6;6;6;4
🏊🏼‍♂️;5;7;7;7;5
🏊🏼‍♂;4;6;6;6;4
🏊🏽‍♂️;5;7;7;7;5
🏊🏽‍♂;4;6;6;6;4
🏊🏾‍♂️;5;7;7;7;5
🏊🏾‍♂;4;6;6;6;4
🏊🏿‍♂️;5;7;7;7;5
🏊🏿‍♂;4;6;6;6;4
🏊‍♀️;4;5;5;5;4
🏊🏻‍♀️;5;7;7;7;5
🏊🏼‍♀️;5;7;7;7;5
🏊🏽‍♀️;5;7;7;7;5
🏊🏾‍♀️;5;7;7;7;5
🏊🏿‍♀️;5;7;7;7;5
⛹️;2;2;2;2;2
⛹️‍♂️;5;5;5;5;5
⛹‍♂️;4;4;4;4;4
⛹️‍♂;4;4;4;4;4
⛹‍♂;3;3;3;3;3
⛹🏻‍♂️;5;6;6;6;5
⛹🏻‍♂;4;5;5;5;4
⛹🏼‍♂️;5;6;6;6;5
⛹🏼‍♂;4;5;5;5;4
⛹🏽‍♂️;5;6;6;6;5
⛹🏽‍♂;4;5;5;5;4
⛹🏾‍♂️;5;6;6;6;5
⛹🏾‍♂;4;5;5;5;4
⛹🏿‍♂️;5;6;6;6;5
⛹🏿‍♂;4;5;5;5;4
⛹️‍♀️;5;5;5;5;5
⛹‍♀️;4;4;4;4;4
⛹️‍♀;4;4;4;4;4
⛹🏻‍♀️;5;6;6;6;5
⛹🏼‍♀️;5;6;6;6;5
⛹🏽‍♀️;5;6;6;6;5
⛹🏾‍♀️;5;6;6;6;5
⛹🏿‍♀️;5;6;6;6;5
🏋️;2;3;3;3;2
🏋️‍♂️;5;6;6;6;5
🏋‍♂️;4;5;5;5;4
🏋️‍♂;4;5;5;5;4
🏋‍♂;3;4;4;4;3
🏋🏻‍♂️;5;7;7;7;5
🏋🏻‍♂;4;6;6;6;4
🏋🏼‍♂️;5;7;7;7;5
🏋🏼‍♂;4;6;6;6;4
🏋🏽‍♂️;5;7;7;7;5
🏋🏽‍♂;4;6;6;6;4
🏋🏾‍♂️;5;7;7;7;5
🏋🏾‍♂;4;6;6;6;4
🏋🏿‍♂️;5;7;7;7;5
🏋🏿‍♂;4;6;6;6;4
🏋️‍♀️;5;6;6;6;5
🏋‍♀️;4;5;5;5;4
🏋️‍♀;4;5;5;5;4
🏋🏻‍♀️;5;7;7;7;5
🏋🏼‍♀️;5;7;7;7;5
🏋🏽‍♀️;5;7;7;7;5
🏋🏾‍♀️;5;7;7;7;5
🏋🏿‍♀️;5;7;7;7;5
🚴‍♂️;4;5;5;5;4
🚴‍♂;3;4;4;4;3
🚴🏻‍♂️;5;7;7;7;5
🚴🏻‍♂;4;6;6;6;4
🚴🏼‍♂️;5;7;7;7;5
🚴🏼‍♂;4;6;6;6;4
🚴🏽‍♂️;5;7;7;7;5
🚴🏽‍♂;4;6;6;6;4
🚴🏾‍♂️;5;7;7;7;5
🚴🏾‍♂;4;6;6;6;4
🚴🏿‍♂️;5;7;7;7;5
🚴🏿‍♂;4;6;6;6;4
🚴‍♀️;4;5;5;5;4
🚴🏻‍♀️;5;7;7;7;5
🚴🏼‍♀️;5;7;7;7;5
🚴🏽‍♀️;5;7;7;7;5
🚴🏾‍♀️;5;7;7;7;5
🚴🏿‍♀️;5;7;7;7;5
🚵‍♂️;4;5;5;5;4
🚵‍♂;3;4;4;4;3
🚵🏻‍♂️;5;7;7;7;5
🚵🏻‍♂;4;6;6;6;4
🚵🏼‍♂️;5;7;7;7;5
🚵🏼‍♂;4;6;6;6;4
🚵🏽‍♂️;5;7;7;7;5
🚵🏽‍♂;4;6;6;6;4
🚵🏾‍♂️;5;7;7;7;5
🚵🏾‍♂;4;6;6;6;4
🚵🏿‍♂️;5;7;7;7;5
🚵🏿‍♂;4;6;6;6;4
🚵‍♀️;4;5;5;5;4
🚵🏻‍♀️;5;7;7;7;5
🚵🏼‍♀️;5;7;7;7;5
🚵🏽‍♀️;5;7;7;7;5
🚵🏾‍♀️;5;7;7;7;5
🚵🏿‍♀️;5;7;7;7;5
🤸;1;2;2;2;1
🤸🏻;2;4;4;4;2
🤸🏼;2;4;4;4;2
🤸🏽;2;4;4;4;2
🤸🏾;2;4;4;4;2
🤸🏿;2;4;4;4;2
🤸‍♂️;4;5;5;5;4
🤸‍♂;3;4;4;4;3
🤸🏻‍♂️;5;7;7;7;5
🤸🏻‍♂;4;6;6;6;4
🤸🏼‍♂️;5;7;7;7;5
🤸🏼‍♂;4;6;6;6;4
🤸🏽‍♂️;5;7;7;7;5
🤸🏽‍♂;4;6;6;6;4
🤸🏾‍♂️;5;7;7;7;5
🤸🏾‍♂;4;6;6;6;4
🤸🏿‍♂️;5;7;7;7;5
🤸🏿‍♂;4;6;6;6;4
🤸‍♀️;4;5;5;5;4
🤸‍♀;3;4;4;4;3
🤸🏻‍♀️;5;7;7;7;5
🤸🏻‍♀;4;6;6;6;4
🤸🏼‍♀️;5;7;7;7;5
🤸🏼‍♀;4;6;6;6;4
🤸🏽‍♀️;5;7;7;7;5
🤸🏽‍♀;4;6;6;6;4
🤸🏾‍♀️;5;7;7;7;5
🤸🏾‍♀;4;6;6;6;4
🤸🏿‍♀️;5;7;7;7;5
🤸🏿‍♀;4;6;6;6;4
🤼;1;2;2;2;1
🤼‍♂️;4;5;5;5;4
🤼‍♂;3;4;4;4;3
🤼‍♀️;4;5;5;5;4
🤼‍♀;3;4;4;4;3
🤽;1;2;2;2;1
🤽🏻;2;4;4;4;2
🤽🏼;2;4;4;4;2
🤽🏽;2;4;4;4;2
🤽🏾;2;4;4;4;2
🤽🏿;2;4;4;4;2
🤽‍♂️;4;5;5;5;4
🤽‍♂;3;4;4;4;3
🤽🏻‍♂️;5;7;7;7;5
🤽🏻‍♂;4;6;6;6;4
🤽🏼‍♂️;5;7;7;7;5
🤽🏼‍♂;4;6;6;6;4
🤽🏽‍♂️;5;7;7;7;5
🤽🏽‍♂;4;6;6;6;4
🤽🏾‍♂️;5;7;7;7;5
🤽🏾‍♂;4;6;6;6;4
🤽🏿‍♂️;5;7;7;7;5
🤽🏿‍♂;4;6;6;6;4
🤽‍♀️;4;5;5;5;4
🤽‍♀;3;4;4;4;3
🤽🏻‍♀️;5;7;7;7;5
🤽🏻‍♀;4;6;6;6;4
🤽🏼‍♀️;5;7;7;7;5
🤽🏼‍♀;4;6;6;6;4
🤽🏽‍♀️;5;7;7;7;5
🤽🏽‍♀;4;6;6;6;4
🤽🏾‍♀️;5;7;7;7;5
🤽🏾‍♀;4;6;6;6;4
🤽🏿‍♀️;5;7;7;7;5
🤽🏿‍♀;4;6;6;6;4
🤾;1;2;2;2;1
🤾🏻;2;4;4;4;2
🤾🏼;2;4;4;4;2
🤾🏽;2;4;4;4;2
🤾🏾;2;4;4;4;2
🤾🏿;2;4;4;4;2
🤾‍♂️;4;5;5;5;4
🤾‍♂;3;4;4;4;3
🤾🏻‍♂️;5;7;7;7;5
🤾🏻‍♂;4;6;6;6;4
🤾🏼‍♂️;5;7;7;7;5
🤾🏼‍♂;4;6;6;6;4
🤾🏽‍♂️;5;7;7;7;5
🤾🏽‍♂;4;6;6;6;4
🤾🏾‍♂️;5;7;7;7;5
🤾🏾‍♂;4;6;6;6;4
🤾🏿‍♂️;5;7;7;7;5
🤾🏿‍♂;4;6;6;6;4
🤾‍♀️;4;5;5;5;4
🤾‍♀;3;4;4;4;3
🤾🏻‍♀️;5;7;7;7;5
🤾🏻‍♀;4;6;6;6;4
🤾🏼‍♀️;5;7;7;7;5
🤾🏼‍♀;4;6;6;6;4
🤾🏽‍♀️;5;7;7;7;5
🤾🏽‍♀;4;6;6;6;4
🤾🏾‍♀️;5;7;7;7;5
🤾🏾‍♀;4;6;6;6;4
🤾🏿‍♀️;5;7;7;7;5
🤾🏿‍♀;4;6;6;6;4
🤹;1;2;2;2;1
🤹🏻;2;4;4;4;2
🤹🏼;2;4;4;4;2
🤹🏽;2;4;4;4;2
🤹🏾;2;4;4;4;2
🤹🏿;2;4;4;4;2
🤹‍♂️;4;5;5;5;4
🤹‍♂;3;4;4;4;3
🤹🏻‍♂️;5;7;7;7;5
🤹🏻‍♂;4;6;6;6;4
🤹🏼‍♂️;5;7;7;7;5
🤹🏼‍♂;4;6;6;6;4
🤹🏽‍♂️;5;7;7;7;5
🤹🏽‍♂;4;6;6;6;4
🤹🏾‍♂️;5;7;7;7;5
🤹🏾‍♂;4;6;6;6;4
🤹🏿‍♂️;5;7;7;7;5
🤹🏿‍♂;4;6;6;6;4
🤹‍♀️;4;5;5;5;4
🤹‍♀;3;4;4;4;3
🤹🏻‍♀️;5;7;7;7;5
🤹🏻‍♀;4;6;6;6;4
🤹🏼‍♀️;5;7;7;7;5
🤹🏼‍♀;4;6;6;6;4
🤹🏽‍♀️;5;7;7;7;5
🤹🏽‍♀;4;6;6;6;4
🤹🏾‍♀️;5;7;7;7;5
🤹🏾‍♀;4;6;6;6;4
🤹🏿‍♀️;5;7;7;7;5
🤹🏿‍♀;4;6;6;6;4
🧘;1;2;2;2;1
🧘🏻;2;4;4;4;2
🧘🏼;2;4;4;4;2
🧘🏽;2;4;4;4;2
🧘🏾;2;4;4;4;2
🧘🏿;2;4;4;4;2
🧘‍♂️;4;5;5;5;4
🧘‍♂;3;4;4;4;3
🧘🏻‍♂️;5;7;7;7;5
🧘🏻‍♂;4;6;6;6;4
🧘🏼‍♂️;5;7;7;7;5
🧘🏼‍♂;4;6;6;6;4
🧘🏽‍♂️;5;7;7;7;5
🧘🏽‍♂;4;6;6;6;4
🧘🏾‍♂️;5;7;7;7;5
🧘🏾‍♂;4;6;6;6;4
🧘🏿‍♂️;5;7;7;7;5
🧘🏿‍♂;4;6;6;6;4
🧘‍♀️;4;5;5;5;4
🧘‍♀;3;4;4;4;3
🧘🏻‍♀️;5;7;7;7;5
🧘🏻‍♀;4;6;6;6;4
🧘🏼‍♀️;5;7;7;7;5
🧘🏼‍♀;4;6;6;6;4
🧘🏽‍♀️;5;7;7;7;5
🧘🏽‍♀;4;6;6;6;4
🧘🏾‍♀️;5;7;7;7;5
🧘🏾‍♀;4;6;6;6;4
🧘🏿‍♀️;5;7;7;7;5
🧘🏿‍♀;4;6;6;6;4
🛌🏻;2;4;4;4;2
🛌🏼;2;4;4;4;2
🛌🏽;2;4;4;4;2
🛌🏾;2;4;4;4;2
🛌🏿;2;4;4;4;2
🧑‍🤝‍🧑;5;8;8;8;5
🧑🏻‍🤝‍🧑🏻;7;12;12;12;7
🧑🏻‍🤝‍🧑🏼;7;12;12;12;7
🧑🏻‍🤝‍🧑🏽;7;12;12;12;7
🧑🏻‍🤝‍🧑🏾;7;12;12;12;7
🧑🏻‍🤝‍🧑🏿;7;12;12;12;7
🧑🏼‍🤝‍🧑🏻;7;12;12;12;7
🧑🏼‍🤝‍🧑🏼;7;12;12;12;7
🧑🏼‍🤝‍🧑🏽;7;12;12;12;7
🧑🏼‍🤝‍🧑🏾;7;12;12;12;7
🧑🏼‍🤝‍🧑🏿;7;12;12;12;7
🧑🏽‍🤝‍🧑🏻;7;12;12;12;7
🧑🏽‍🤝‍🧑🏼;7;12;12;12;7
🧑🏽‍🤝‍🧑🏽;7;12;12;12;7
🧑🏽‍🤝‍🧑🏾;7;12;12;12;7
🧑🏽‍🤝‍🧑🏿;7;12;12;12;7
🧑🏾‍🤝‍🧑🏻;7;12;12;12;7
🧑🏾‍🤝‍🧑🏼;7;12;12;12;7
🧑🏾‍🤝‍🧑🏽;7;12;12;12;7
🧑🏾‍🤝‍🧑🏾;7;12;12;12;7
🧑🏾‍🤝‍🧑🏿;7;12;12;12;7
🧑🏿‍🤝‍🧑🏻;7;12;12;12;7
🧑🏿‍🤝‍🧑🏼;7;12;12;12;7
🧑🏿‍🤝‍🧑🏽;7;12;12;12;7
🧑🏿‍🤝‍🧑🏾;7;12;12;12;7
🧑🏿‍🤝‍🧑🏿;7;12;12;12;7
👭🏻;2;4;4;4;2
👩🏻‍🤝‍👩🏼;7;12;12;12;7
👩🏻‍🤝‍👩🏽;7;12;12;12;7
👩🏻‍🤝‍👩🏾;7;12;12;12;7
👩🏻‍🤝‍👩🏿;7;12;12;12;7
👩🏼‍🤝‍👩🏻;7;12;12;12;7
👭🏼;2;4;4;4;2
👩🏼‍🤝‍👩🏽;7;12;12;12;7
👩🏼‍🤝‍👩🏾;7;12;12;12;7
👩🏼‍🤝‍👩🏿;7;12;12;12;7
👩🏽‍🤝‍👩🏻;7;12;12;12;7
👩🏽‍🤝‍👩🏼;7;12;12;12;7
👭🏽;2;4;4;4;2
👩🏽‍🤝‍👩🏾;7;12;12;12;7
👩🏽‍🤝‍👩🏿;7;12;12;12;7
👩🏾‍🤝‍👩🏻;7;12;12;12;7
👩🏾‍🤝‍👩🏼;7;12;12;12;7
👩🏾‍🤝‍👩🏽;7;12;12;12;7
👭🏾;2;4;4;4;2
👩🏾‍🤝‍👩🏿;7;12;12;12;7
👩🏿‍🤝‍👩🏻;7;12;12;12;7
👩🏿‍🤝‍👩🏼;7;12;12;12;7
👩🏿‍🤝‍👩🏽;7;12;12;12;7
👩🏿‍🤝‍👩🏾;7;12;12;12;7
👭🏿;2;4;4;4;2
👫🏻;2;4;4;4;2
👩🏻‍🤝‍👨🏼;7;12;12;12;7
👩🏻‍🤝‍👨🏽;7;12;12;12;7
👩🏻‍🤝‍👨🏾;7;12;12;12;7
👩🏻‍🤝‍👨🏿;7;12;12;12;7
👩🏼‍🤝‍👨🏻;7;12;12;12;7
👫🏼;2;4;4;4;2
👩🏼‍🤝‍👨🏽;7;12;12;12;7
👩🏼‍🤝‍👨🏾;7;12;12;12;7
👩🏼‍🤝‍👨🏿;7;12;12;12;7
👩🏽‍🤝‍👨🏻;7;12;12;12;7
👩🏽‍🤝‍👨🏼;7;12;12;12;7
👫🏽;2;4;4;4;2
👩🏽‍🤝‍👨🏾;7;12;12;12;7
👩🏽‍🤝‍👨🏿;7;12;12;12;7
👩🏾‍🤝‍👨🏻;7;12;12;12;7
👩🏾‍🤝‍👨🏼;7;12;12;12;7
👩🏾‍🤝‍👨🏽;7;12;12;12;7
👫🏾;2;4;4;4;2
👩🏾‍🤝‍👨🏿;7;12;12;12;7
👩🏿‍🤝‍👨🏻;7;12;12;12;7
👩🏿‍🤝‍👨🏼;7;12;12;12;7
👩🏿‍🤝‍👨🏽;7;12;12;12;7
👩🏿‍🤝‍👨🏾;7;12;12;12;7
👫🏿;2;4;4;4;2
👬🏻;2;4;4;4;2
👨🏻‍🤝‍👨🏼;7;12;12;12;7
👨🏻‍🤝‍👨🏽;7;12;12;12;7
👨🏻‍🤝‍👨🏾;7;12;12;12;7
👨🏻‍🤝‍👨🏿;7;12;12;12;7
👨🏼‍🤝‍👨🏻;7;12;12;12;7
👬🏼;2;4;4;4;2
👨🏼‍🤝‍👨🏽;7;12;12;12;7
👨🏼‍🤝‍👨🏾;7;12;12;12;7
👨🏼‍🤝‍👨🏿;7;12;12;12;7
👨🏽‍🤝‍👨🏻;7;12;12;12;7
👨🏽‍🤝‍👨🏼;7;12;12;12;7
👬🏽;2;4;4;4;2
👨🏽‍🤝‍👨🏾;7;12;12;12;7
👨🏽‍🤝‍👨🏿;7;12;12;12;7
👨🏾‍🤝‍👨🏻;7;12;12;12;7
👨🏾‍🤝‍👨🏼;7;12;12;12;7
👨🏾‍🤝‍👨🏽;7;12;12;12;7
👬🏾;2;4;4;4;2
👨🏾‍🤝‍👨🏿;7;12;12;12;7
👨🏿‍🤝‍👨🏻;7;12;12;12;7
👨🏿‍🤝‍👨🏼;7;12;12;12;7
👨🏿‍🤝‍👨🏽;7;12;12;12;7
👨🏿‍🤝‍👨🏾;7;12;12;12;7
👬🏿;2;4;4;4;2
👩‍❤️‍💋‍👨;8;11;11;11;8
👩‍❤‍💋‍👨;7;10;10;10;7
👨‍❤‍💋‍👨;7;10;10;10;7
👩‍❤‍💋‍👩;7;10;10;10;7
👩‍❤️‍👨;6;8;8;8;6
👩‍❤‍👨;5;7;7;7;5
👨‍❤‍👨;5;7;7;7;5
👩‍❤‍👩;5;7;7;7;5
👨‍👩‍👦;5;8;8;8;5
🗣️;2;3;3;3;2
🏻;1;2;2;2;1
🏼;1;2;2;2;1
🏽;1;2;2;2;1
🏾;1;2;2;2;1
🏿;1;2;2;2;1
🦰;1;2;2;2;1
🦱;1;2;2;2;1
🦳;1;2;2;2;1
🦲;1;2;2;2;1
🦍;1;2;2;2;1
🦧;1;2;2;2;1
🦮;1;2;2;2;1
🐕‍🦺;3;5;5;5;3
🦊;1;2;2;2;1
🦝;1;2;2;2;1
🦓;1;2;2;2;1
🦌;1;2;2;2;1
🦙;1;2;2;2;1
🦒;1;2;2;2;1
🦏;1;2;2;2;1
🦛;1;2;2;2;1
🐿️;2;3;3;3;2
🦔;1;2;2;2;1
🦇;1;2;2;2;1
🦥;1;2;2;2;1
🦦;1;2;2;2;1
🦨;1;2;2;2;1
🦘;1;2;2;2;1
🦡;1;2;2;2;1
🕊️;2;3;3;3;2
🦅;1;2;2;2;1
🦆;1;2;2;2;1
🦢;1;2;2;2;1
🦉;1;2;2;2;1
🦩;1;2;2;2;1
🦚;1;2;2;2;1
🦜;1;2;2;2;1
🦎;1;2;2;2;1
🦕;1;2;2;2;1
🦖;1;2;2;2;1
🦈;1;2;2;2;1
🦋;1;2;2;2;1
🦗;1;2;2;2;1
🕷️;2;3;3;3;2
🕸️;2;3;3;3;2
🦟;1;2;2;2;1
🦠;1;2;2;2;1
🏵️;2;3;3;3;2
🥀;1;2;2;2;1
☘️;2;2;2;2;2
🥭;1;2;2;2;1
🥝;1;2;2;2;1
🥥;1;2;2;2;1
🥑;1;2;2;2;1
🥔;1;2;2;2;1
🥕;1;2;2;2;1
🌶️;2;3;3;3;2
🥒;1;2;2;2;1
🥬;1;2;2;2;1
🥦;1;2;2;2;1
🧄;1;2;2;2;1
🧅;1;2;2;2;1
🥜;1;2;2;2;1
🥐;1;2;2;2;1
🥖;1;2;2;2;1
🥨;1;2;2;2;1
🥯;1;2;2;2;1
🥞;1;2;2;2;1
🧇;1;2;2;2;1
🥩;1;2;2;2;1
🥓;1;2;2;2;1
🥪;1;2;2;2;1
🥙;1;2;2;2;1
🧆;1;2;2;2;1
🥘;1;2;2;2;1
🥣;1;2;2;2;1
🥗;1;2;2;2;1
🧈;1;2;2;2;1
🧂;1;2;2;2;1
🥫;1;2;2;2;1
🥮;1;2;2;2;1
🥟;1;2;2;2;1
🥠;1;2;2;2;1
🥡;1;2;2;2;1
🦞;1;2;2;2;1
🦐;1;2;2;2;1
🦑;1;2;2;2;1
🦪;1;2;2;2;1
🧁;1;2;2;2;1
🥧;1;2;2;2;1
🥛;1;2;2;2;1
🥂;1;2;2;2;1
🥃;1;2;2;2;1
🥤;1;2;2;2;1
🧃;1;2;2;2;1
🧉;1;2;2;2;1
🧊;1;2;2;2;1
🥢;1;2;2;2;1
🍽️;2;3;3;3;2
🥄;1;2;2;2;1
🗺️;2;3;3;3;2
🧭;1;2;2;2;1
🏔️;2;3;3;3;2
⛰️;2;2;2;2;2
🏕️;2;3;3;3;2
🏖️;2;3;3;3;2
🏜️;2;3;3;3;2
🏝️;2;3;3;3;2
🏞️;2;3;3;3;2
🏟️;2;3;3;3;2
🏛️;2;3;3;3;2
🏗️;2;3;3;3;2
🧱;1;2;2;2;1
🏘️;2;3;3;3;2
🏚️;2;3;3;3;2
🛕;1;2;2;2;1
⛩️;2;2;2;2;2
🏙️;2;3;3;3;2
♨;1;1;1;1;1
🏎️;2;3;3;3;2
🏍️;2;3;3;3;2
🛵;1;2;2;2;1
🦽;1;2;2;2;1
🦼;1;2;2;2;1
🛺;1;2;2;2;1
🛴;1;2;2;2;1
🛹;1;2;2;2;1
🛣️;2;3;3;3;2
🛤️;2;3;3;3;2
🛢️;2;3;3;3;2
🛶;1;2;2;2;1
🛳️;2;3;3;3;2
⛴️;2;2;2;2;2
🛥️;2;3;3;3;2
✈;1;1;1;1;1
🛩️;2;3;3;3;2
🪂;1;2;2;2;1
🛰️;2;3;3;3;2
🛸;1;2;2;2;1
🛎️;2;3;3;3;2
🧳;1;2;2;2;1
⏱️;2;2;2;2;2
⏲️;2;2;2;2;2
🕰️;2;3;3;3;2
🌡️;2;3;3;3;2
☀;1;1;1;1;1
🪐;1;2;2;2;1
☁️;2;2;2;2;2
⛈️;2;2;2;2;2
🌤️;2;3;3;3;2
🌥️;2;3;3;3;2
🌦️;2;3;3;3;2
🌧️;2;3;3;3;2
🌨️;2;3;3;3;2
🌩️;2;3;3;3;2
🌪️;2;3;3;3;2
🌫️;2;3;3;3;2
🌬️;2;3;3;3;2
☂;1;1;1;1;1
⛱️;2;2;2;2;2
❄;1;1;1;1;1
☃;1;1;1;1;1
☄️;2;2;2;2;2
🧨;1;2;2;2;1
🧧;1;2;2;2;1
🎗️;2;3;3;3;2
🎟️;2;3;3;3;2
🎖️;2;3;3;3;2
🥇;1;2;2;2;1
🥈;1;2;2;2;1
🥉;1;2;2;2;1
⚾;1;1;1;1;1
🥎;1;2;2;2;1
🥏;1;2;2;2;1
🥍;1;2;2;2;1
🥊;1;2;2;2;1
🥋;1;2;2;2;1
🥅;1;2;2;2;1
⛸️;2;2;2;2;2
🤿;1;2;2;2;1
🛷;1;2;2;2;1
🥌;1;2;2;2;1
🪀;1;2;2;2;1
🪁;1;2;2;2;1
🧿;1;2;2;2;1
🕹️;2;3;3;3;2
🧩;1;2;2;2;1
🧸;1;2;2;2;1
♟️;2;2;2;2;2
♟;1;1;1;1;1
🖼️;2;3;3;3;2
🧵;1;2;2;2;1
🧶;1;2;2;2;1
🕶️;2;3;3;3;2
🥽;1;2;2;2;1
🥼;1;2;2;2;1
🦺;1;2;2;2;1
🧣;1;2;2;2;1
🧤;1;2;2;2;1
🧥;1;2;2;2;1
🧦;1;2;2;2;1
🥻;1;2;2;2;1
🩱;1;2;2;2;1
🩲;1;2;2;2;1
🩳;1;2;2;2;1
🛍️;2;3;3;3;2
🥾;1;2;2;2;1
🥿;1;2;2;2;1
🩰;1;2;2;2;1
🧢;1;2;2;2;1
⛑️;2;2;2;2;2
🎙️;2;3;3;3;2
🎚️;2;3;3;3;2
🎛️;2;3;3;3;2
🪕;1;2;2;2;1
☎;1;1;1;1;1
🖥️;2;3;3;3;2
🖨️;2;3;3;3;2
⌨️;2;2;2;2;2
🖱️;2;3;3;3;2
🖲️;2;3;3;3;2
🧮;1;2;2;2;1
🎞️;2;3;3;3;2
📽️;2;3;3;3;2
🕯️;2;3;3;3;2
🪔;1;2;2;2;1
🗞️;2;3;3;3;2
🏷️;2;3;3;3;2
🧾;1;2;2;2;1
✉;1;1;1;1;1
🗳️;2;3;3;3;2
✏️;2;2;2;2;2
✒️;2;2;2;2;2
🖋️;2;3;3;3;2
🖊️;2;3;3;3;2
🖌️;2;3;3;3;2
🖍️;2;3;3;3;2
🗂️;2;3;3;3;2
🗒️;2;3;3;3;2
🗓️;2;3;3;3;2
🖇️;2;3;3;3;2
✂;1;1;1;1;1
🗃️;2;3;3;3;2
🗄️;2;3;3;3;2
🗑️;2;3;3;3;2
🗝️;2;3;3;3;2
🪓;1;2;2;2;1
⛏️;2;2;2;2;2
⚒️;2;2;2;2;2
🛠️;2;3;3;3;2
🗡️;2;3;3;3;2
⚔️;2;2;2;2;2
🛡️;2;3;3;3;2
⚙️;2;2;2;2;2
🗜️;2;3;3;3;2
⚖️;2;2;2;2;2
🦯;1;2;2;2;1
⛓️;2;2;2;2;2
🧰;1;2;2;2;1
🧲;1;2;2;2;1
⚗️;2;2;2;2;2
🧪;1;2;2;2;1
🧫;1;2;2;2;1
🧬;1;2;2;2;1
🩸;1;2;2;2;1
🩹;1;2;2;2;1
🩺;1;2;2;2;1
🛏️;2;3;3;3;2
🛋️;2;3;3;3;2
🪑;1;2;2;2;1
🪒;1;2;2;2;1
🧴;1;2;2;2;1
🧷;1;2;2;2;1
🧹;1;2;2;2;1
🧺;1;2;2;2;1
🧻;1;2;2;2;1
🧼;1;2;2;2;1
🧽;1;2;2;2;1
🧯;1;2;2;2;1
🛒;1;2;2;2;1
⚰️;2;2;2;2;2
⚱️;2;2;2;2;2
⚠;1;1;1;1;1
☢️;2;2;2;2;2
☣️;2;2;2;2;2
⬆;1;1;1;1;1
↗;1;1;1;1;1
➡️;2;2;2;2;2
↘;1;1;1;1;1
⬇;1;1;1;1;1
↙;1;1;1;1;1
⬅;1;1;1;1;1
↖️;2;2;2;2;2
↕️;2;2;2;2;2
↩;1;1;1;1;1
↪;1;1;1;1;1
⤴;1;1;1;1;1
⤵;1;1;1;1;1
⚛️;2;2;2;2;2
🕉️;2;3;3;3;2
✡;1;1;1;1;1
☸️;2;2;2;2;2
☯️;2;2;2;2;2
✝;1;1;1;1;1
☦️;2;2;2;2;2
☪️;2;2;2;2;2
☮️;2;2;2;2;2
▶;1;1;1;1;1
⏭️;2;2;2;2;2
⏯️;2;2;2;2;2
◀;1;1;1;1;1
⏮️;2;2;2;2;2
⏸️;2;2;2;2;2
⏹️;2;2;2;2;2
⏺️;2;2;2;2;2
⏏️;2;2;2;2;2
⏏;1;1;1;1;1
♀️;2;2;2;2;2
♀;1;1;1;1;1
♂️;2;2;2;2;2
♂;1;1;1;1;1
⚕️;2;2;2;2;2
⚕;1;1;1;1;1
♾️;2;2;2;2;2
♾;1;1;1;1;1
♻️;2;2;2;2;2
⚜️;2;2;2;2;2
☑;1;1;1;1;1
✔;1;1;1;1;1
✖;1;1;1;1;1
〽;1;1;1;1;1
✳;1;1;1;1;1
✴;1;1;1;1;1
❇;1;1;1;1;1
‼;1;1;1;1;1
⁉;1;1;1;1;1
〰️;2;2;2;2;2
#️⃣;3;3;3;3;3
🅰;1;0;2;2;1
🅱;1;0;2;2;1
ℹ️;2;0;2;2;2
Ⓜ;1;0;1;1;1
🅾;1;0;2;2;1
🅿;1;0;2;2;1
🈂;1;2;2;2;1
🈷️;2;3;3;3;2
🈯;1;2;2;2;1
🈚;1;2;2;2;1
㊗️;2;2;2;2;2
㊙️;2;2;2;2;2
🟠;1;2;2;2;1
🟡;1;2;2;2;1
🟢;1;2;2;2;1
🟣;1;2;2;2;1
🟤;1;2;2;2;1
🟥;1;2;2;2;1
🟧;1;2;2;2;1
🟨;1;2;2;2;1
🟩;1;2;2;2;1
🟦;1;2;2;2;1
▪;1;1;1;1;1
▫️;2;2;2;2;2
🏳️;2;3;3;3;2
🏳️‍🌈;4;6;6;6;4
🏴‍☠️;4;5;5;5;4
🏴‍☠;3;4;4;4;3
🇺🇳;2;4;4;4;2
🏴󠁧󠁢󠁥󠁮󠁧󠁿;7;14;14;14;7
🏴󠁧󠁢󠁳󠁣󠁴󠁿;7;14;14;14;7
🏴󠁧󠁢󠁷󠁬󠁳󠁿;7;14;14;14;7